segment_id,start_pos,end_pos,start_time,end_time,length,net_return,theta_mean,amp_z_mean,sigma_mean,viscosity_mean,sign_global
0,0,5,2016-01-20 00:00:00+00:00,2016-01-27 00:00:00+00:00,6,0.012969603884433578,0.01043343628946144,0.640641345912535,0.02071359531426802,0.5228244249545366,1.0
1,6,6,2016-01-28 00:00:00+00:00,2016-01-28 00:00:00+00:00,1,0.016266546175169427,0.016265111690685334,0.8014306415846832,0.020296875757955662,0.46953159591837984,1.0
2,7,22,2016-01-29 00:00:00+00:00,2016-02-22 00:00:00+00:00,16,0.018423760670330136,0.007079015554099204,0.710373449919208,0.023244449356531083,1.3897662984126782,1.0
3,23,32,2016-02-23 00:00:00+00:00,2016-03-07 00:00:00+00:00,10,-0.03125267813056842,-0.002092247654347858,0.7642289575163719,0.019214907533687868,0.8045888189111385,-1.0
4,33,34,2016-03-08 00:00:00+00:00,2016-03-09 00:00:00+00:00,2,0.034855004852788696,0.019067753475274212,1.0834925773416813,0.01600117090775168,1.2559968573336273,1.0
5,35,35,2016-03-10 00:00:00+00:00,2016-03-10 00:00:00+00:00,1,-0.015063886994587161,-0.015062747713815045,0.8980001501583332,0.016774917033064673,0.39806835679343494,-1.0
6,36,46,2016-03-11 00:00:00+00:00,2016-03-28 00:00:00+00:00,11,0.028224576734362294,0.001287444181648006,0.5681240520591717,0.01579182224527775,0.8203031586649522,1.0
7,47,52,2016-03-29 00:00:00+00:00,2016-04-05 00:00:00+00:00,6,0.01887158861274063,0.005351519878347675,0.6930304301400478,0.013085140369206175,0.9612526411062469,1.0
8,53,53,2016-04-06 00:00:00+00:00,2016-04-06 00:00:00+00:00,1,0.01021167060404693,0.010211315674654062,0.836623167299463,0.012205808584977983,0.39227830987726703,1.0
9,54,71,2016-04-07 00:00:00+00:00,2016-05-02 00:00:00+00:00,18,-0.08536353169651534,-0.027664972868928724,0.7946913004330373,0.01373988754674438,0.9194817028555354,-1.0
10,72,86,2016-05-03 00:00:00+00:00,2016-05-23 00:00:00+00:00,15,-0.004556269496437171,-0.0012090356092328818,0.5071775402306462,0.01864862678417142,0.7423963649794243,-1.0
11,87,87,2016-05-24 00:00:00+00:00,2016-05-24 00:00:00+00:00,1,0.030705141382352696,0.030695497176486196,2.278990373845681,0.013473123425543753,0.7236827470026329,1.0
12,88,108,2016-05-25 00:00:00+00:00,2016-06-23 00:00:00+00:00,21,0.00618328702512283,0.0015461070542769622,0.6873399653789554,0.012140819240463594,0.8507226190692275,1.0
13,109,110,2016-06-24 00:00:00+00:00,2016-06-27 00:00:00+00:00,2,-0.06939157525704243,-0.035786516880546806,2.341875852052645,0.014912526342629519,1.4972814475090699,-1.0
14,111,125,2016-06-28 00:00:00+00:00,2016-07-19 00:00:00+00:00,15,0.0918689834799582,0.010865231821819634,0.5087613539965089,0.016536324474189807,1.9109173586229613,1.0
15,126,161,2016-07-20 00:00:00+00:00,2016-09-08 00:00:00+00:00,36,0.08479151602962842,0.016450034254947628,0.4943219096959809,0.009863860588840633,1.2376942371653414,1.0
16,162,162,2016-09-09 00:00:00+00:00,2016-09-09 00:00:00+00:00,1,-0.021472160010029384,-0.021468860983310297,3.7275541936784524,0.005760378419420958,1.2287034281504954,-1.0
17,163,163,2016-09-12 00:00:00+00:00,2016-09-12 00:00:00+00:00,1,0.014833576936237325,0.014832489111125733,2.2129162295254345,0.006703170508291732,0.4085737984730445,1.0
18,164,173,2016-09-13 00:00:00+00:00,2016-09-26 00:00:00+00:00,10,-0.002632975987350239,0.0037319725411404637,0.8961933100072196,0.008129996090242534,0.9290089055560585,-1.0
19,174,192,2016-09-27 00:00:00+00:00,2016-10-21 00:00:00+00:00,19,0.0473666301917568,0.012975098143130135,0.7608154988612386,0.009312795962896412,17.50863034764716,1.0
20,193,208,2016-10-24 00:00:00+00:00,2016-11-14 00:00:00+00:00,16,-0.02615225664612586,0.0015520409854054378,0.6703735655220444,0.01280329905818554,0.9689016342140134,-1.0
21,209,247,2016-11-15 00:00:00+00:00,2017-01-11 00:00:00+00:00,39,0.09036921334044745,0.006375487829351693,0.6251008425767105,0.011634676681635934,0.86437252643687,1.0
22,248,257,2017-01-12 00:00:00+00:00,2017-01-26 00:00:00+00:00,10,0.01694668040918934,0.002713003618628489,0.782588082693066,0.006318505212994591,0.7785991904453629,1.0
23,258,258,2017-01-27 00:00:00+00:00,2017-01-27 00:00:00+00:00,1,0.02322313032153911,0.023218956820537862,2.9612741468009838,0.007842266388569656,1.6586659822730283,1.0
24,259,280,2017-01-30 00:00:00+00:00,2017-03-01 00:00:00+00:00,22,-0.006807709831438302,0.00020285879178567968,0.6380136458618737,0.008509461432366331,24.030611345275744,-1.0
25,281,289,2017-03-02 00:00:00+00:00,2017-03-14 00:00:00+00:00,9,-0.008195014343605145,-0.00327051244928465,0.7559450349027128,0.0064912973997346725,0.914228801179536,-1.0
26,290,294,2017-03-15 00:00:00+00:00,2017-03-21 00:00:00+00:00,5,-0.0031099518780095536,-0.003808083036665224,0.7139633041360666,0.006190132078641018,0.5453551261364697,-1.0
27,295,311,2017-03-22 00:00:00+00:00,2017-04-13 00:00:00+00:00,17,0.011458796950162942,0.0025806992682171175,0.5667321186685872,0.005644149232079873,3.1372439636466605,1.0
28,312,314,2017-04-17 00:00:00+00:00,2017-04-19 00:00:00+00:00,3,0.0013847766626957636,0.002377451968617979,1.0318884063886538,0.004836838987890943,0.7143713283803184,1.0
29,315,317,2017-04-20 00:00:00+00:00,2017-04-24 00:00:00+00:00,3,0.03756924065030898,0.013857718841880315,2.527725480281868,0.004819647264514919,2.6211403124143007,1.0
30,318,333,2017-04-25 00:00:00+00:00,2017-05-16 00:00:00+00:00,16,0.033174846479205655,0.006240008567056811,0.744122332354237,0.006659964536771567,1.0068830232354518,1.0
31,334,356,2017-05-17 00:00:00+00:00,2017-06-19 00:00:00+00:00,23,0.020816018734877595,-0.0012746145207635643,0.7822384409780925,0.010530037291987317,2.788678724013425,1.0
32,357,360,2017-06-20 00:00:00+00:00,2017-06-23 00:00:00+00:00,4,0.004785839331099773,0.0006407723487668863,0.7707974534350535,0.010485946420276976,0.4537064588791636,1.0
33,361,366,2017-06-26 00:00:00+00:00,2017-07-03 00:00:00+00:00,6,-0.04362801692485441,-0.011138636785233825,1.0696712852515098,0.011320834736451785,0.7225988243355853,-1.0
34,367,393,2017-07-05 00:00:00+00:00,2017-08-10 00:00:00+00:00,27,0.04643278268020712,0.0037596080773172626,0.6902601154056527,0.009702242696831374,0.8593592487294122,1.0
35,394,397,2017-08-11 00:00:00+00:00,2017-08-16 00:00:00+00:00,4,0.036200328353729105,0.013439091177079195,1.1922758919750853,0.007687409942542947,16.853150271724832,1.0
36,398,408,2017-08-17 00:00:00+00:00,2017-08-31 00:00:00+00:00,11,0.0150926307663104,0.001818794791850071,0.7383820967416674,0.008730475097226202,0.8698434818019286,1.0
37,409,431,2017-09-01 00:00:00+00:00,2017-10-04 00:00:00+00:00,23,-0.0010702996149580812,-0.00040632393043083567,0.7256141798478954,0.008135565146765571,0.6956023115781477,-1.0
38,432,469,2017-10-05 00:00:00+00:00,2017-11-28 00:00:00+00:00,38,0.13290153084161105,0.020376582604411667,0.5783782590039039,0.010757649028120212,0.811000651144374,1.0
39,470,470,2017-11-29 00:00:00+00:00,2017-11-29 00:00:00+00:00,1,-0.01830990935426513,-0.018307863616412002,2.3664175387668256,0.007737385896671172,0.6046748896345535,-1.0
40,471,500,2017-11-30 00:00:00+00:00,2018-01-12 00:00:00+00:00,30,0.07242679659973206,0.002122982533380756,0.6753133283811577,0.011557841890635556,2.1212235355243907,1.0
41,501,501,2018-01-16 00:00:00+00:00,2018-01-16 00:00:00+00:00,1,-0.014049343035564377,-0.014048418772994741,1.6129919632803815,0.008710103475700079,0.45089084416413866,-1.0
42,502,511,2018-01-17 00:00:00+00:00,2018-01-30 00:00:00+00:00,10,0.04849365611817724,0.011488580185659592,0.9612968366971233,0.008366360387942301,0.7145995187435294,1.0
43,512,515,2018-01-31 00:00:00+00:00,2018-02-05 00:00:00+00:00,4,-0.05246299404796151,-0.019405983545479878,1.9237570400260822,0.012624368098519646,1.2645768239164532,-1.0
44,516,516,2018-02-06 00:00:00+00:00,2018-02-06 00:00:00+00:00,1,0.03714231884831687,0.0371252530537606,2.050278999242791,0.018115728815075543,0.4689681179561666,1.0
45,517,517,2018-02-07 00:00:00+00:00,2018-02-07 00:00:00+00:00,1,-0.019012199999660417,-0.019009909755982164,1.0168655430593767,0.01869685718114143,0.3385693084725302,-1.0
46,518,518,2018-02-08 00:00:00+00:00,2018-02-08 00:00:00+00:00,1,-0.05269790734204083,-0.05264920654763607,2.374580619749358,0.02219250134442561,1.5643991430083322,-1.0
47,519,548,2018-02-09 00:00:00+00:00,2018-03-23 00:00:00+00:00,30,0.029892592704619858,0.0011633549596043835,0.6833533840184478,0.019214928650145246,49.9220870165275,1.0
48,549,549,2018-03-26 00:00:00+00:00,2018-03-26 00:00:00+00:00,1,0.07297634224360117,0.07284720831638491,3.349018100997305,0.021790359607697707,0.7121393370050864,1.0
49,550,552,2018-03-27 00:00:00+00:00,2018-03-29 00:00:00+00:00,3,-0.0271293691351131,-0.025882218555018897,0.9490463116914185,0.024164880939305106,0.4567197482680665,-1.0
50,553,572,2018-04-02 00:00:00+00:00,2018-04-27 00:00:00+00:00,20,0.04864918985716482,0.002670805854816852,0.6019846097205689,0.024669390657506805,0.8875812293034366,1.0
51,573,573,2018-04-30 00:00:00+00:00,2018-04-30 00:00:00+00:00,1,-0.02429606641810267,-0.024291287463959973,1.4812143269376257,0.01640279273843569,0.5968002897208533,-1.0
52,574,574,2018-05-01 00:00:00+00:00,2018-05-01 00:00:00+00:00,1,0.0157016441090585,0.015700353930270573,0.9521411441133996,0.016490868696014464,0.3925634736708562,1.0
53,575,596,2018-05-02 00:00:00+00:00,2018-06-01 00:00:00+00:00,22,0.06348724318553955,0.005412061509045012,0.6096021975570083,0.012419038622875071,1.9277030160930486,1.0
54,597,600,2018-06-04 00:00:00+00:00,2018-06-07 00:00:00+00:00,4,0.0008926452560951148,-0.004314859783236611,1.0078128676937914,0.007890055989387796,1.1041599885756552,1.0
55,601,606,2018-06-08 00:00:00+00:00,2018-06-15 00:00:00+00:00,6,-0.007462239089262468,-0.0032074223830221146,0.7647936977503652,0.00840460881353385,0.4918572737788776,-1.0
56,607,609,2018-06-18 00:00:00+00:00,2018-06-20 00:00:00+00:00,3,0.017228133631208564,0.008825368368437711,0.6712684334285325,0.008481750902452822,0.4540097770203713,1.0
57,610,614,2018-06-21 00:00:00+00:00,2018-06-27 00:00:00+00:00,5,-0.04343526353234051,-0.012430998582474028,1.200854208623841,0.009389076008573078,28.562153098603677,-1.0
58,615,617,2018-06-28 00:00:00+00:00,2018-07-02 00:00:00+00:00,3,0.025007865125225237,0.01267765543118591,0.830030144734312,0.010027675047294576,0.47291207361456994,1.0
59,618,633,2018-07-03 00:00:00+00:00,2018-07-25 00:00:00+00:00,16,0.1027272779500592,0.012759039058383402,0.9708210450576401,0.010693599953194717,1.5960282866943034,1.0
60,634,647,2018-07-26 00:00:00+00:00,2018-08-14 00:00:00+00:00,14,-0.011525161693482389,-0.004734167032331403,0.6543025094308275,0.01272042839813012,1.762747614676959,-1.0
61,648,670,2018-08-15 00:00:00+00:00,2018-09-17 00:00:00+00:00,23,0.02711659215899509,-0.0009103740248183356,0.8330155903517192,0.01000895382157934,1.2307539478020857,1.0
62,671,671,2018-09-18 00:00:00+00:00,2018-09-18 00:00:00+00:00,1,0.009496287060605013,0.009496001619344583,0.8862031814645605,0.010715689581343437,0.46538949025605214,1.0
63,672,672,2018-09-19 00:00:00+00:00,2018-09-19 00:00:00+00:00,1,-0.013427535120701606,-0.01342672821895026,1.215157542955592,0.011050026432347863,0.5857456560710286,-1.0
64,673,685,2018-09-20 00:00:00+00:00,2018-10-08 00:00:00+00:00,13,-0.007638933949328575,-0.0020457087082424896,0.6515399784525481,0.010603728219375401,0.7746304812476642,-1.0
65,686,686,2018-10-09 00:00:00+00:00,2018-10-09 00:00:00+00:00,1,0.01263979006215532,0.012639116997632944,1.3029143153469662,0.009701157539009918,0.5240213559507102,1.0
66,687,689,2018-10-10 00:00:00+00:00,2018-10-12 00:00:00+00:00,3,-0.024254013494321214,-0.021366405377463735,1.870905030820974,0.016313613414010133,0.5982229789111939,-1.0
67,690,690,2018-10-15 00:00:00+00:00,2018-10-15 00:00:00+00:00,1,-0.018142885463510616,-0.018140895193216204,1.0167423550006947,0.017844122659840082,0.3481206873955674,-1.0
68,691,697,2018-10-16 00:00:00+00:00,2018-10-24 00:00:00+00:00,7,-0.050315538708069596,-0.019352739371591394,0.9339198573273053,0.019555455084905877,0.7259106962445208,-1.0
69,698,727,2018-10-25 00:00:00+00:00,2018-12-07 00:00:00+00:00,30,0.028449912691986157,0.0037198026654948215,0.7417379182784979,0.024487272646210523,0.915216787195347,1.0
70,728,738,2018-12-10 00:00:00+00:00,2018-12-24 00:00:00+00:00,11,-0.10756754286525982,-0.02027991654085923,0.8508187452767637,0.022647618484821278,2.951761707540132,-1.0
71,739,744,2018-12-26 00:00:00+00:00,2019-01-03 00:00:00+00:00,6,0.034149649649768854,0.022809086572332788,0.8140159069854898,0.02699367388377018,0.5465188929600046,1.0
72,745,761,2019-01-04 00:00:00+00:00,2019-01-29 00:00:00+00:00,17,0.055319645934591044,0.009913627105658816,0.5497505721130265,0.024902477284885812,3.4035376456714186,1.0
73,762,762,2019-01-30 00:00:00+00:00,2019-01-30 00:00:00+00:00,1,0.03287138464777417,0.032859552834535,1.6714782078067012,0.019666046365106733,0.6150257642754771,1.0
74,763,764,2019-01-31 00:00:00+00:00,2019-02-01 00:00:00+00:00,2,-0.034426798062743735,-0.017307877321850174,0.8898473137816899,0.019317929065951492,3.273591502480755,-1.0
75,765,789,2019-02-04 00:00:00+00:00,2019-03-11 00:00:00+00:00,25,0.09755324965795786,0.010815238954671649,0.5872420956351305,0.013915868091074817,1.0148680427808736,1.0
76,790,797,2019-03-12 00:00:00+00:00,2019-03-21 00:00:00+00:00,8,0.06344120038548784,0.014581594081817148,0.946798486189409,0.008626357597246547,2.3636497325964525,1.0
77,798,824,2019-03-22 00:00:00+00:00,2019-04-30 00:00:00+00:00,27,0.08281566391169815,0.005385125634470617,0.7678830908894544,0.00960116646482754,1.298638270385525,1.0
78,825,826,2019-05-01 00:00:00+00:00,2019-05-02 00:00:00+00:00,2,-0.03419204043137647,-0.018006840969992412,1.6367163995371827,0.010526004059984332,1.2155523582721575,-1.0
79,827,832,2019-05-03 00:00:00+00:00,2019-05-10 00:00:00+00:00,6,0.0072630662854766825,0.002424518492178665,0.8299008864670218,0.01235157012844454,63.57603656494729,1.0
80,833,847,2019-05-13 00:00:00+00:00,2019-06-03 00:00:00+00:00,15,-0.05535801557452835,-0.009160331785088195,0.8371432535734799,0.01496806116439343,1.6856204160823745,-1.0
81,848,888,2019-06-04 00:00:00+00:00,2019-07-31 00:00:00+00:00,41,0.128480769529717,0.003910266389285553,0.6924978959663631,0.012320061864976486,2.1382885127377684,1.0
82,889,889,2019-08-01 00:00:00+00:00,2019-08-01 00:00:00+00:00,1,0.013050275185634064,0.013049534398589725,1.3293333797098055,0.009817147520322667,0.30669527644166467,1.0
83,890,890,2019-08-02 00:00:00+00:00,2019-08-02 00:00:00+00:00,1,-0.008437707027363572,-0.008437506795347794,0.8449415744140578,0.009986132572301375,0.39267079696072205,-1.0
84,891,891,2019-08-05 00:00:00+00:00,2019-08-05 00:00:00+00:00,1,-0.03485914861874306,-0.03484503908735818,2.752627339797058,0.012663944947607659,1.3193502445609966,-1.0
85,892,896,2019-08-06 00:00:00+00:00,2019-08-12 00:00:00+00:00,5,0.02671823665175488,0.010964298058124274,1.0075524513943137,0.014186711862344468,0.9296038576268831,1.0
86,897,897,2019-08-13 00:00:00+00:00,2019-08-13 00:00:00+00:00,1,0.020482506065512496,0.020479642423534068,1.3262255144553543,0.015444200537545057,0.5933046351437316,1.0
87,898,905,2019-08-14 00:00:00+00:00,2019-08-23 00:00:00+00:00,8,-0.03499095912431116,-0.010909495067409994,0.8944576134128162,0.017584987925550355,1.8582773696909998,-1.0
88,906,923,2019-08-26 00:00:00+00:00,2019-09-19 00:00:00+00:00,18,0.0559791908422822,0.006521710998597215,0.5863271914815653,0.015807968679320734,2.4522333632741393,1.0
89,924,926,2019-09-20 00:00:00+00:00,2019-09-24 00:00:00+00:00,3,-0.026505031560096093,-0.011383673482317412,0.7581535046962277,0.011514341455644802,0.6067870971637689,-1.0
90,927,929,2019-09-25 00:00:00+00:00,2019-09-27 00:00:00+00:00,3,0.0025440220833177207,0.0012548978224898668,0.871777028837411,0.01099754359439809,0.5127974190007595,1.0
91,930,930,2019-09-30 00:00:00+00:00,2019-09-30 00:00:00+00:00,1,0.009394623930949031,0.009394347559008764,0.8565702999027327,0.010967710842078964,0.4184539661254107,1.0
92,931,932,2019-10-01 00:00:00+00:00,2019-10-02 00:00:00+00:00,2,-0.03201084494533024,-0.016208084303712577,1.4244259204069323,0.011218195686381077,2.7645813596417463,-1.0
93,933,936,2019-10-03 00:00:00+00:00,2019-10-08 00:00:00+00:00,4,0.007546714682274747,0.0036643686426706137,0.966155792767164,0.011212321376570532,3.412358303154858,1.0
94,937,984,2019-10-09 00:00:00+00:00,2019-12-16 00:00:00+00:00,48,0.14001010774189115,0.005668073078814719,0.7357391446456237,0.009457801855062896,0.9476337849538176,1.0
95,985,995,2019-12-17 00:00:00+00:00,2020-01-02 00:00:00+00:00,11,0.03220257854944908,0.007569900854049148,0.9081758490678117,0.006379296116713673,0.9989841849041879,1.0
96,996,998,2020-01-03 00:00:00+00:00,2020-01-07 00:00:00+00:00,3,-0.0191081771347843,-0.009650361772583667,1.0637753719980152,0.007595952835916411,0.4522567206308818,-1.0
97,999,1002,2020-01-08 00:00:00+00:00,2020-01-13 00:00:00+00:00,4,0.035533454663821296,0.01172092088811028,1.329510361526137,0.008474924175096455,1.322684369365426,1.0
98,1003,1011,2020-01-14 00:00:00+00:00,2020-01-27 00:00:00+00:00,9,-0.006143229246392323,-0.0004175983409637769,0.9176476693744147,0.009413843183585813,1.2081897600934899,-1.0
99,1012,1014,2020-01-28 00:00:00+00:00,2020-01-30 00:00:00+00:00,3,0.06269578487049454,0.02216305233057379,1.7561464214636977,0.011795945423213312,2.240449789306353,1.0
100,1015,1015,2020-01-31 00:00:00+00:00,2020-01-31 00:00:00+00:00,1,-0.014868744210446927,-0.014867648630654607,1.1509183614952747,0.012919015977767385,0.348327380064314,-1.0
101,1016,1021,2020-02-03 00:00:00+00:00,2020-02-10 00:00:00+00:00,6,0.10300778955300771,0.02576240403305125,1.2331818010872486,0.01427197700241726,1.1054240381492224,1.0
102,1022,1030,2020-02-11 00:00:00+00:00,2020-02-24 00:00:00+00:00,9,-0.09641029213895269,-0.024903706664275032,0.8849443728777704,0.016938589752618867,1.9093000244617266,-1.0
103,1031,1033,2020-02-25 00:00:00+00:00,2020-02-27 00:00:00+00:00,3,-0.07728657068210776,-0.053383669829739064,1.3819985791005163,0.022819981262980998,0.6295427947681677,-1.0
104,1034,1035,2020-02-28 00:00:00+00:00,2020-03-02 00:00:00+00:00,2,0.08834312001489852,0.05338648725098531,1.528555647816399,0.028124498399331677,0.9187342957991501,1.0
105,1036,1036,2020-03-03 00:00:00+00:00,2020-03-03 00:00:00+00:00,1,-0.049105584559788085,-0.049066171179454235,1.5593157532868165,0.03149174172269021,0.43255492238368204,-1.0
106,1037,1037,2020-03-04 00:00:00+00:00,2020-03-04 00:00:00+00:00,1,0.03605719172428046,0.03604157766428377,1.1368278062300459,0.0317173631383766,0.4233914048327198,1.0
107,1038,1040,2020-03-05 00:00:00+00:00,2020-03-09 00:00:00+00:00,3,-0.12426831576651232,-0.051378996746335934,1.2303313032423644,0.033056095659509344,3.63449739659302,-1.0
108,1041,1041,2020-03-10 00:00:00+00:00,2020-03-10 00:00:00+00:00,1,0.06614726534234006,0.0660510429065525,1.7323806026058506,0.0381828611559349,0.4852137704818221,1.0
109,1042,1043,2020-03-11 00:00:00+00:00,2020-03-12 00:00:00+00:00,2,-0.1460019241945929,-0.08248896028145025,1.7302763333418916,0.04143450682127689,1.141079019572871,-1.0
110,1044,1044,2020-03-13 00:00:00+00:00,2020-03-13 00:00:00+00:00,1,0.13292891795379713,0.1321541599092882,2.424791990290994,0.054820741011242256,0.5715634264046966,1.0
111,1045,1045,2020-03-16 00:00:00+00:00,2020-03-16 00:00:00+00:00,1,-0.15945320984154154,-0.15812207502446507,2.4787085437791108,0.06432913843567473,0.5453589300764858,-1.0
112,1046,1046,2020-03-17 00:00:00+00:00,2020-03-17 00:00:00+00:00,1,0.079122188714563,0.07895769604684093,1.1713298090211193,0.0675490168455521,0.3316443601351153,1.0
113,1047,1070,2020-03-18 00:00:00+00:00,2020-04-21 00:00:00+00:00,24,0.13538853538486784,0.022130743957907463,0.4955455700586759,0.06132804284508411,0.6135830875526023,1.0
114,1071,1075,2020-04-22 00:00:00+00:00,2020-04-28 00:00:00+00:00,5,0.011788319182814533,0.007433988859336968,0.5659507586122563,0.032295022584322965,0.5149944804451037,1.0
115,1076,1078,2020-04-29 00:00:00+00:00,2020-05-01 00:00:00+00:00,3,0.027645580321930652,0.016692476940014443,0.930646367894186,0.02834157851534647,0.552994115632753,1.0
116,1079,1101,2020-05-04 00:00:00+00:00,2020-06-04 00:00:00+00:00,23,0.04950422642936303,0.0021814757046592875,0.5171503094035447,0.018785674398786534,4.642203479253974,1.0
117,1102,1105,2020-06-05 00:00:00+00:00,2020-06-10 00:00:00+00:00,4,0.07334246025030922,0.026681300791782082,1.4912154315666015,0.012058559358821386,1.8899603156332563,1.0
118,1106,1134,2020-06-11 00:00:00+00:00,2020-07-22 00:00:00+00:00,29,0.07301499913650566,-0.00011045221531946036,0.832201144706255,0.018499471241556677,0.8905467176327176,1.0
119,1135,1148,2020-07-23 00:00:00+00:00,2020-08-11 00:00:00+00:00,14,-0.04033007018915846,-0.00035737783626479204,0.786224058879091,0.021175071892871267,1.6279125169078092,-1.0
120,1149,1164,2020-08-12 00:00:00+00:00,2020-09-02 00:00:00+00:00,16,0.13256578272896924,0.014621057091451301,0.6482815159801607,0.019308452923954764,1.6469587059164317,1.0
121,1165,1167,2020-09-03 00:00:00+00:00,2020-09-08 00:00:00+00:00,3,-0.133697934661007,-0.05514964180699401,1.9654548437267956,0.022488723623423506,0.79822335558381,-1.0
122,1168,1168,2020-09-09 00:00:00+00:00,2020-09-09 00:00:00+00:00,1,0.04170200330272955,0.04167785444078512,1.6254072636273171,0.02565633117425184,0.4285219853474859,1.0
123,1169,1177,2020-09-10 00:00:00+00:00,2020-09-22 00:00:00+00:00,9,-0.018485996560958284,-0.0033757958126786358,0.5683311170949955,0.026058831149888592,1.4822260924618922,-1.0
124,1178,1185,2020-09-23 00:00:00+00:00,2020-10-02 00:00:00+00:00,8,-0.0059474825179544055,-0.007583866310696856,0.67755165370717,0.026474761144484858,0.9757486966450309,-1.0
125,1186,1186,2020-10-05 00:00:00+00:00,2020-10-05 00:00:00+00:00,1,0.020117179773441407,0.020114466618486364,0.8425324660958884,0.02387702807624177,0.4017594978658461,1.0
126,1187,1187,2020-10-06 00:00:00+00:00,2020-10-06 00:00:00+00:00,1,-0.0214760995538672,-0.02147279871131111,1.033494687988064,0.020780067346769324,0.5163356854243021,-1.0
127,1188,1201,2020-10-07 00:00:00+00:00,2020-10-26 00:00:00+00:00,14,0.0200492587541774,0.0008824635554475828,0.6141445512264435,0.017878182008296526,2.423137448913508,1.0
128,1202,1202,2020-10-27 00:00:00+00:00,2020-10-27 00:00:00+00:00,1,0.014976606118550784,0.014975486524639507,0.8764548080286024,0.017087700605681374,0.34169136805329325,1.0
129,1203,1212,2020-10-28 00:00:00+00:00,2020-11-10 00:00:00+00:00,10,-0.01055963898007306,-0.003270191728498436,1.1008081430819545,0.020720258094854203,1.0572316481340667,-1.0
130,1213,1242,2020-11-11 00:00:00+00:00,2020-12-23 00:00:00+00:00,30,0.048962569548289814,0.004963779640161285,0.5844481643321554,0.016326274474778055,1.6733503338819644,1.0
131,1243,1250,2020-12-24 00:00:00+00:00,2021-01-06 00:00:00+00:00,8,-0.04048848993722576,-0.013237339864398614,0.9243838563139308,0.010996479168665203,1.1228536306111314,-1.0
132,1251,1265,2021-01-07 00:00:00+00:00,2021-01-28 00:00:00+00:00,15,0.1184057131787517,0.015645297389862416,0.8725681749527482,0.014769999562051845,1.343056724859647,1.0
133,1266,1266,2021-01-29 00:00:00+00:00,2021-01-29 00:00:00+00:00,1,-0.02960560084923536,-0.02959695570838083,1.6715885094910339,0.017711047883647264,0.5366519079100573,-1.0
134,1267,1284,2021-02-01 00:00:00+00:00,2021-02-25 00:00:00+00:00,18,-0.010586053712966503,-0.000874718759390995,0.5517764293393009,0.015457573094221256,0.77486855447355,-1.0
135,1285,1286,2021-02-26 00:00:00+00:00,2021-03-01 00:00:00+00:00,2,0.034128585279534995,0.017391302053221286,1.2210796437121398,0.01405382416298721,2.2407905519200657,1.0
136,1287,1290,2021-03-02 00:00:00+00:00,2021-03-05 00:00:00+00:00,4,-0.022795290422012116,-0.007347272451209953,1.2608134124653314,0.012756735414193464,0.830115298178911,-1.0
137,1291,1291,2021-03-08 00:00:00+00:00,2021-03-08 00:00:00+00:00,1,-0.01834508513978239,-0.01834302759044679,1.3003167058969727,0.014108156923171036,0.46329478015572734,-1.0
138,1292,1304,2021-03-09 00:00:00+00:00,2021-03-25 00:00:00+00:00,13,0.021535195385887107,0.005412884915182397,0.7396473752702359,0.01669137406223734,0.8468591284976134,1.0
139,1305,1307,2021-03-26 00:00:00+00:00,2021-03-30 00:00:00+00:00,3,-0.00211120566113987,0.001965527582190173,0.7497896245087498,0.016568627298537933,0.7889899727029951,-1.0
140,1308,1323,2021-03-31 00:00:00+00:00,2021-04-22 00:00:00+00:00,16,0.10364692110546514,0.012027524417240434,0.7472735052022457,0.014775709141611137,10.666669082062418,1.0
141,1324,1334,2021-04-23 00:00:00+00:00,2021-05-07 00:00:00+00:00,11,-0.0184847946011093,-0.006320182255872159,0.757459802613165,0.012201079565508277,5.811679335372303,-1.0
142,1335,1337,2021-05-10 00:00:00+00:00,2021-05-12 00:00:00+00:00,3,-0.05478923657784307,-0.024629251777358908,1.4180211399529654,0.012601782840066888,0.6771594825596167,-1.0
143,1338,1339,2021-05-13 00:00:00+00:00,2021-05-14 00:00:00+00:00,2,0.037569712741928996,0.01900914074657067,1.3392366070842348,0.013990370862606485,2.70565128144537,1.0
144,1340,1375,2021-05-17 00:00:00+00:00,2021-07-07 00:00:00+00:00,36,0.12281296596382951,0.008092636018616102,0.7126584736673752,0.011531395349364225,0.962564934750539,1.0
145,1376,1383,2021-07-08 00:00:00+00:00,2021-07-19 00:00:00+00:00,8,-0.010486406740197296,-0.0017469801814124328,0.7477731937056029,0.00845314304720713,0.576110228129288,-1.0
146,1384,1405,2021-07-20 00:00:00+00:00,2021-08-18 00:00:00+00:00,22,0.05025400854250339,0.005464355271548245,0.7396869136744602,0.008230961291497708,2.345335247812065,1.0
147,1406,1432,2021-08-19 00:00:00+00:00,2021-09-27 00:00:00+00:00,27,0.011763078915836722,0.0024059512847244106,0.8447219666097383,0.009314567146757092,1.5079558001684676,1.0
148,1433,1436,2021-09-28 00:00:00+00:00,2021-10-01 00:00:00+00:00,4,-0.017385045256588683,-0.010947162598992581,1.394726553592161,0.012631982161582817,0.8823668087717791,-1.0
149,1437,1437,2021-10-04 00:00:00+00:00,2021-10-04 00:00:00+00:00,1,-0.020937357476390694,-0.02093429882387774,1.4497249037710773,0.014442286895036897,0.4543019467351186,-1.0
150,1438,1475,2021-10-05 00:00:00+00:00,2021-11-26 00:00:00+00:00,38,0.15411477081666014,0.00973634269521608,0.6560669653603288,0.013172433774317021,0.9976709126617596,1.0
151,1476,1476,2021-11-29 00:00:00+00:00,2021-11-29 00:00:00+00:00,1,0.020861992575718524,0.020858966827986995,2.023533511806518,0.010309674744036629,0.4583111615166084,1.0
152,1477,1480,2021-11-30 00:00:00+00:00,2021-12-03 00:00:00+00:00,4,-0.041301216340771774,-0.0176225277188304,0.9251618853938919,0.010956342768762622,2.236375339762832,-1.0
153,1481,1487,2021-12-06 00:00:00+00:00,2021-12-14 00:00:00+00:00,7,0.0163662936663167,0.0032148795535532136,1.1423959298447603,0.013568772421509653,0.766512773764812,1.0
154,1488,1488,2021-12-15 00:00:00+00:00,2021-12-15 00:00:00+00:00,1,0.019035675084429826,0.019033376347951516,1.1600382028984642,0.01640951430434395,0.3649082037072903,1.0
155,1489,1508,2021-12-16 00:00:00+00:00,2022-01-13 00:00:00+00:00,20,-0.09342942715464542,-0.013244479595871722,0.7243285948025171,0.01793496243504172,1.4202053023674606,-1.0
156,1509,1509,2022-01-14 00:00:00+00:00,2022-01-14 00:00:00+00:00,1,0.01756161168916215,0.01755980662974852,1.005168854802793,0.017471295050142655,0.28881483363891663,1.0
157,1510,1515,2022-01-18 00:00:00+00:00,2022-01-25 00:00:00+00:00,6,-0.07255698460001714,-0.021512887586011872,0.7901114581423804,0.016987093640383227,0.6408881126665686,-1.0
158,1516,1521,2022-01-26 00:00:00+00:00,2022-02-02 00:00:00+00:00,6,0.08301145350998773,0.019725484969484598,0.8621996145856712,0.019046309073589524,0.7181335810885933,1.0
159,1522,1522,2022-02-03 00:00:00+00:00,2022-02-03 00:00:00+00:00,1,-0.039731197805306984,-0.03971031145052819,1.9922238319646839,0.01994312950462334,0.7245072294677866,-1.0
160,1523,1523,2022-02-04 00:00:00+00:00,2022-02-04 00:00:00+00:00,1,0.015448168468446433,0.015446939763641195,0.7614755740387921,0.02028713904998312,0.2799627236053862,1.0
161,1524,1526,2022-02-07 00:00:00+00:00,2022-02-09 00:00:00+00:00,3,0.01707924585640619,0.006769393792492255,0.7938598187770659,0.0209252775243353,1.0560909562799639,1.0
162,1527,1535,2022-02-10 00:00:00+00:00,2022-02-23 00:00:00+00:00,9,-0.10264902302647716,-0.01980817614282126,0.7397042951923026,0.02068191132146437,1.1221471710137312,-1.0
163,1536,1570,2022-02-24 00:00:00+00:00,2022-04-13 00:00:00+00:00,35,0.02588669689332246,0.0033674303661538584,0.825296683708093,0.02175699966201126,0.9156727409167408,1.0
164,1571,1576,2022-04-14 00:00:00+00:00,2022-04-22 00:00:00+00:00,6,-0.04840269939608799,-0.015112498092657177,0.8256026038658826,0.018984357846512003,1.3296777289415174,-1.0
165,1577,1577,2022-04-25 00:00:00+00:00,2022-04-25 00:00:00+00:00,1,0.02412036184474342,0.024115685800234522,1.2000358204954318,0.020099691552896468,0.496698143956481,1.0
166,1578,1578,2022-04-26 00:00:00+00:00,2022-04-26 00:00:00+00:00,1,-0.038121388138507406,-0.03810293771191088,1.8646161737162257,0.020444620201040542,0.6124728502016302,-1.0
167,1579,1580,2022-04-27 00:00:00+00:00,2022-04-28 00:00:00+00:00,2,0.06936781652848278,0.03902380937298423,1.4721530822692197,0.0237103974711378,0.7307960142613683,1.0
168,1581,1581,2022-04-29 00:00:00+00:00,2022-04-29 00:00:00+00:00,1,-0.04271107808935959,-0.042685134781334184,1.6768647802006746,0.025470784421627868,0.6561705815918617,-1.0
169,1582,1584,2022-05-02 00:00:00+00:00,2022-05-04 00:00:00+00:00,3,0.043919043886349485,0.02136066281196355,0.7930919662945278,0.026295011979830654,0.46514924384302353,1.0
170,1585,1613,2022-05-05 00:00:00+00:00,2022-06-15 00:00:00+00:00,29,-0.13900952764062158,-0.013643582240509718,0.7610793994298582,0.025427297895039717,1.6660127203748594,-1.0
171,1614,1640,2022-06-16 00:00:00+00:00,2022-07-26 00:00:00+00:00,27,0.0005557192750291762,-0.003241117564519398,0.720857038316083,0.021212859015921723,4.100934284974488,1.0
172,1641,1641,2022-07-27 00:00:00+00:00,2022-07-27 00:00:00+00:00,1,0.06471215523153528,0.06462205061994628,3.0070017971261565,0.021520481039739917,0.7045295206202875,1.0
173,1642,1662,2022-07-28 00:00:00+00:00,2022-08-25 00:00:00+00:00,21,0.03905023329757462,0.005625717306899939,0.5477203376694266,0.020696355491992544,3.7988102858799997,1.0
174,1663,1669,2022-08-26 00:00:00+00:00,2022-09-06 00:00:00+00:00,7,-0.09629703839113724,-0.02273930811303721,0.9021874649158933,0.014974347274505024,1.8408830539069432,-1.0
175,1670,1685,2022-09-07 00:00:00+00:00,2022-09-28 00:00:00+00:00,16,-0.049289663335537526,-0.014411866371182016,0.7548146882455615,0.01734409765899849,0.7611636147801546,-1.0
176,1686,1687,2022-09-29 00:00:00+00:00,2022-09-30 00:00:00+00:00,2,-0.03447820840073934,-0.017549269301531795,0.9600305471194455,0.01793781403090705,2.3247469893894994,-1.0
177,1688,1692,2022-10-03 00:00:00+00:00,2022-10-07 00:00:00+00:00,5,0.0057370654714112845,-0.00473253079713314,1.2104620463629832,0.021107301172550032,46.444278984118654,1.0
178,1693,1696,2022-10-10 00:00:00+00:00,2022-10-13 00:00:00+00:00,4,0.0,0.008011421016615687,0.9037638283939609,0.02089331487373086,1.3666508918673888,0.0
179,1697,1697,2022-10-14 00:00:00+00:00,2022-10-14 00:00:00+00:00,1,-0.02454753726213621,-0.024542608412724903,1.1257787615236663,0.021804929035190854,0.3993705088666474,-1.0
180,1698,1711,2022-10-17 00:00:00+00:00,2022-11-03 00:00:00+00:00,14,-0.06465516752676326,-0.014879186278694036,0.8828712943337155,0.027291753189108783,2.1971496414444927,-1.0
181,1712,1762,2022-11-04 00:00:00+00:00,2023-01-19 00:00:00+00:00,51,0.08210629399850067,0.009366971496539976,0.6629670770713373,0.024235299702429002,18.307087935482627,1.0
182,1763,1769,2023-01-20 00:00:00+00:00,2023-01-30 00:00:00+00:00,7,0.045431708780764524,0.016114629387232137,0.7495313299837033,0.02002992504415155,0.6690101049848004,1.0
183,1770,1771,2023-01-31 00:00:00+00:00,2023-02-01 00:00:00+00:00,2,0.04053343673565646,0.0202777049851574,0.9763676951783755,0.02076392031098579,9.582020222662862,1.0
184,1772,1772,2023-02-02 00:00:00+00:00,2023-02-02 00:00:00+00:00,1,0.04581850567963386,0.04578648320091458,2.299091460657551,0.019928951706695022,1.7568371682351291,1.0
185,1773,1797,2023-02-03 00:00:00+00:00,2023-03-10 00:00:00+00:00,25,-0.059912758644386166,0.0006995098228532192,0.6474732878631234,0.02004414381203569,1.0370045024430306,-1.0
186,1798,1820,2023-03-13 00:00:00+00:00,2023-04-13 00:00:00+00:00,23,0.15352398282605062,0.011430172369525524,0.8902141553778027,0.016688261242830654,1.217521788409631,1.0
187,1821,1828,2023-04-14 00:00:00+00:00,2023-04-25 00:00:00+00:00,8,-0.05103158215391357,-0.012363545443063733,0.6267908942079525,0.01381043571460734,0.7413640313194982,-1.0
188,1829,1829,2023-04-26 00:00:00+00:00,2023-04-26 00:00:00+00:00,1,0.06993145446391047,0.069817790008336,3.3567814435357968,0.020832878777605254,0.7541799589497636,1.0
189,1830,1850,2023-04-27 00:00:00+00:00,2023-05-25 00:00:00+00:00,21,0.10060680607455641,0.013977871272441619,0.5664701187637042,0.019415259189416324,1.1330031805062435,1.0
190,1851,1864,2023-05-26 00:00:00+00:00,2023-06-15 00:00:00+00:00,14,0.06583788516831302,0.0057224933107802465,0.8541795452328175,0.013849120376584359,1.5831290803894469,1.0
191,1865,1867,2023-06-16 00:00:00+00:00,2023-06-21 00:00:00+00:00,3,-0.042667036656363955,-0.014446981446909654,0.8501559837339704,0.016762712060154467,6.773592736387517,-1.0
192,1868,1868,2023-06-22 00:00:00+00:00,2023-06-22 00:00:00+00:00,1,0.018269692047891972,0.018267659758910402,1.0898872404593436,0.016762909474304543,0.5774097989622753,1.0
193,1869,1870,2023-06-23 00:00:00+00:00,2023-06-26 00:00:00+00:00,2,-0.033251303851168146,-0.017069944409866124,1.0183313061623314,0.01646279611511628,1.9923142479899678,-1.0
194,1871,1885,2023-06-27 00:00:00+00:00,2023-07-18 00:00:00+00:00,15,0.08984510551868397,0.013665542699647678,0.7370612874127698,0.014945556835425448,1.3048256906245206,1.0
195,1886,1890,2023-07-19 00:00:00+00:00,2023-07-25 00:00:00+00:00,5,-0.023956846678236943,-0.00733906935060061,0.859493099217004,0.015191393363807582,0.9164403370409572,-1.0
196,1891,1892,2023-07-26 00:00:00+00:00,2023-07-27 00:00:00+00:00,2,-0.05945740803662325,-0.03222385087744847,1.7375309435614494,0.01720921798265141,0.9579671485213166,-1.0
197,1893,1911,2023-07-28 00:00:00+00:00,2023-08-23 00:00:00+00:00,19,-0.009196908788537073,-0.0006415349912986175,0.5277677496247456,0.016758685722295778,1.6412197560889954,-1.0
198,1912,1912,2023-08-24 00:00:00+00:00,2023-08-24 00:00:00+00:00,1,-0.021732902366917273,-0.02172948171501594,1.7712857688508872,0.012269553019758458,0.6085266575274454,-1.0
199,1913,1921,2023-08-25 00:00:00+00:00,2023-09-07 00:00:00+00:00,9,0.030592791229484106,0.007380001977969008,0.6098016058586556,0.010512766802992584,0.6351680105390904,1.0
200,1922,1923,2023-09-08 00:00:00+00:00,2023-09-11 00:00:00+00:00,2,0.024048460419303197,0.01212514546127945,1.1756788635163686,0.01022837390524915,2.7678661825093305,1.0
201,1924,1924,2023-09-12 00:00:00+00:00,2023-09-12 00:00:00+00:00,1,-0.018426484819144662,-0.01842439976295185,1.6557945703771255,0.01112847486690461,0.62790768966581,-1.0
202,1925,1938,2023-09-13 00:00:00+00:00,2023-10-02 00:00:00+00:00,14,-0.03051192247347867,-0.007135525079470859,0.7822065413307452,0.012243356689615159,1.0962902481923114,-1.0
203,1939,1939,2023-10-03 00:00:00+00:00,2023-10-03 00:00:00+00:00,1,-0.02648148983983134,-0.02647530222448275,1.955008422755998,0.013545450741545081,0.5825108800782323,-1.0
204,1940,1947,2023-10-04 00:00:00+00:00,2023-10-13 00:00:00+00:00,8,0.044741578174481766,0.011932632427231527,0.7076731344160289,0.014364904395311174,0.6131572544454846,1.0
205,1948,1955,2023-10-16 00:00:00+00:00,2023-10-25 00:00:00+00:00,8,0.03872416576785476,0.01201671344880216,0.7815092702023558,0.012944389749437686,0.7031151398780724,1.0
206,1956,1971,2023-10-26 00:00:00+00:00,2023-11-16 00:00:00+00:00,16,0.10115450210551646,0.0048600065435537455,0.8276500956040916,0.015508796727463824,2.0530501848881677,1.0
207,1972,1972,2023-11-17 00:00:00+00:00,2023-11-17 00:00:00+00:00,1,-0.01694359116726929,-0.016941970027955836,1.0837414199099322,0.0156343386148914,0.4929181118340671,-1.0
208,1973,1978,2023-11-20 00:00:00+00:00,2023-11-28 00:00:00+00:00,6,0.03415385859558029,0.009435664889987951,0.6832397444520165,0.013855708461105157,0.6098308279468482,1.0
209,1979,1990,2023-11-29 00:00:00+00:00,2023-12-14 00:00:00+00:00,12,-0.044809376951056024,-0.007945798584131478,0.7573465746820123,0.011834312149843857,1.0770687880355154,-1.0
210,1991,2021,2023-12-15 00:00:00+00:00,2024-01-31 00:00:00+00:00,31,0.08295401895326826,0.0029429207632668307,0.7833823877366956,0.009162113072589873,1.1974649309375118,1.0
211,2022,2023,2024-02-01 00:00:00+00:00,2024-02-02 00:00:00+00:00,2,0.03373229504103925,0.016979380524185964,1.566837497383235,0.010761471451661418,3.459756329622892,1.0
212,2024,2028,2024-02-05 00:00:00+00:00,2024-02-09 00:00:00+00:00,5,0.022435019200789164,0.009670697655802285,0.8659074985931866,0.011492168768922359,0.491053822074395,1.0
213,2029,2051,2024-02-12 00:00:00+00:00,2024-03-14 00:00:00+00:00,23,0.01289088254993942,0.0029344141866451323,0.7492814817064081,0.013120095262668522,0.9873939064024803,1.0
214,2052,2070,2024-03-15 00:00:00+00:00,2024-04-11 00:00:00+00:00,19,0.0063528831868113755,0.00019961939836642373,0.5705382354741504,0.012936330756966085,2.005362378127371,1.0
215,2071,2080,2024-04-12 00:00:00+00:00,2024-04-25 00:00:00+00:00,10,-0.0698980418245343,-0.011749784899319262,1.212152838658119,0.010073059182989445,1.1562280519487476,-1.0
216,2081,2081,2024-04-26 00:00:00+00:00,2024-04-26 00:00:00+00:00,1,0.01807952233112342,0.018077552838137535,1.430785029405561,0.012636075756806388,0.4216334573607487,1.0
217,2082,2082,2024-04-29 00:00:00+00:00,2024-04-29 00:00:00+00:00,1,-0.010067338906378787,-0.01006699881438877,0.805632734697352,0.012496178986363288,0.35767168654132003,-1.0
218,2083,2083,2024-04-30 00:00:00+00:00,2024-04-30 00:00:00+00:00,1,-0.0326466543330719,-0.032635063432329275,2.3055026001669683,0.014160309893244787,1.4458649103164642,-1.0
219,2084,2124,2024-05-01 00:00:00+00:00,2024-06-28 00:00:00+00:00,41,0.13982175960583731,0.004244344133119101,0.6347155388480051,0.012705121274736301,1.129069740693527,1.0
220,2125,2130,2024-07-01 00:00:00+00:00,2024-07-09 00:00:00+00:00,6,0.027779281607927864,0.008118377743942067,1.1607616189657732,0.008882777573906328,0.8414995274510475,1.0
221,2131,2131,2024-07-10 00:00:00+00:00,2024-07-10 00:00:00+00:00,1,0.014495972673501889,0.014494957439676333,1.4835002586707753,0.00977145622575608,0.5003707882241718,1.0
222,2132,2142,2024-07-11 00:00:00+00:00,2024-07-25 00:00:00+00:00,11,-0.10828419752708207,-0.019082104320165102,1.052960178163132,0.011925410450647511,3.222669450039758,-1.0
223,2143,2168,2024-07-26 00:00:00+00:00,2024-08-30 00:00:00+00:00,26,-0.0012150289596268848,-0.004071798507752014,0.6542794848967721,0.014447375472663514,1.73631059283653,-1.0
224,2169,2172,2024-09-03 00:00:00+00:00,2024-09-06 00:00:00+00:00,4,-0.03771640155568967,-0.01652291738131929,0.9278619593384954,0.01001289270461085,4.802244593529525,-1.0
225,2173,2179,2024-09-09 00:00:00+00:00,2024-09-17 00:00:00+00:00,7,0.07998512627353715,0.015129687634769518,1.0014696388243614,0.011409100539604084,8.90743447884481,1.0
226,2180,2180,2024-09-18 00:00:00+00:00,2024-09-18 00:00:00+00:00,1,-0.010023651277346168,-0.010023315593523043,0.8550683447522516,0.011722621692382943,0.5326693457027984,-1.0
227,2181,2193,2024-09-19 00:00:00+00:00,2024-10-07 00:00:00+00:00,13,-0.05063250454518542,-0.0060513624330617785,0.7212295975173326,0.011748589865462492,1.0096688247483159,-1.0
228,2194,2255,2024-10-08 00:00:00+00:00,2025-01-06 00:00:00+00:00,62,0.045737706357345864,-0.006294147007716948,0.6934837042806469,0.012948532170823016,1.3623003093926638,1.0
229,2256,2268,2025-01-07 00:00:00+00:00,2025-01-27 00:00:00+00:00,13,0.015561418097168378,0.010157150118300788,0.8577479134932342,0.01291723950379649,1.045851496223486,1.0
230,2269,2290,2025-01-28 00:00:00+00:00,2025-02-27 00:00:00+00:00,22,-0.09971802408780928,-0.01779411310859298,0.6019927152449983,0.019428720312744948,0.8554424258130836,-1.0
231,2291,2291,2025-02-28 00:00:00+00:00,2025-02-28 00:00:00+00:00,1,0.01129820585054997,0.011297725150757977,1.1691234567747488,0.009663816164020553,0.3833196234697914,1.0
232,2292,2294,2025-03-03 00:00:00+00:00,2025-03-05 00:00:00+00:00,3,0.010100151274333058,0.009731758855793061,1.5024246026147008,0.01132876164743181,0.5603384293084024,1.0
233,2295,2300,2025-03-06 00:00:00+00:00,2025-03-13 00:00:00+00:00,6,-0.057082158273815686,-0.01948267180155928,0.863886689790086,0.01407196193808691,1.730513367968572,-1.0
234,2301,2319,2025-03-14 00:00:00+00:00,2025-04-09 00:00:00+00:00,19,0.030473182921666897,0.02258635624834531,0.9093106063598838,0.016485509984075015,1.183419466396587,1.0
235,2320,2363,2025-04-10 00:00:00+00:00,2025-06-12 00:00:00+00:00,44,0.2058609804208782,0.014510260256406152,0.5204878742775082,0.021628054779211855,2.4138013284763105,1.0
236,2364,2364,2025-06-13 00:00:00+00:00,2025-06-13 00:00:00+00:00,1,-0.008198513956346076,-0.008198330274323935,0.9897049603173238,0.008283785964524044,0.38425861663169647,-1.0
237,2365,2368,2025-06-16 00:00:00+00:00,2025-06-20 00:00:00+00:00,4,0.005124114661263057,0.002659216801737023,0.659533669953221,0.008182982496092178,0.48862096457359216,1.0
238,2369,2396,2025-06-23 00:00:00+00:00,2025-07-31 00:00:00+00:00,28,0.11110437248020144,0.013118871355808786,0.8586521038549001,0.007554248164193458,2.8600800448017716,1.0
239,2397,2397,2025-08-01 00:00:00+00:00,2025-08-01 00:00:00+00:00,1,-0.017757575991914187,-0.017755709837254344,1.6029820649931066,0.011077828223966999,0.3144433177914309,-1.0
240,2398,2398,2025-08-04 00:00:00+00:00,2025-08-04 00:00:00+00:00,1,0.021760769050937157,0.021757335226415955,1.8416597825670753,0.011815836366914191,0.5506496671569724,1.0
241,2399,2404,2025-08-05 00:00:00+00:00,2025-08-12 00:00:00+00:00,6,-0.012020279596569594,-0.002288273090301148,0.5991797023254765,0.012483218435532331,0.9126944471500432,-1.0
242,2405,2427,2025-08-13 00:00:00+00:00,2025-09-15 00:00:00+00:00,23,-0.024933762519967928,-0.004133339371895118,0.6656148495440806,0.01109597619499676,1.0090269022099987,-1.0
243,2428,2442,2025-09-16 00:00:00+00:00,2025-10-06 00:00:00+00:00,15,0.02530963486047355,0.004907159846232712,0.7936124135013635,0.009875015196246851,2.006980311773239,1.0
244,2443,2460,2025-10-07 00:00:00+00:00,2025-10-30 00:00:00+00:00,18,-0.005330483133452191,-0.005180763168140455,0.757826237786769,0.009580742903091275,0.9545600889027716,-1.0
245,2461,2470,2025-10-31 00:00:00+00:00,2025-11-13 00:00:00+00:00,10,-0.04367829838440862,-0.007101078151873575,0.8249126930886066,0.01198894130184035,2.021161192108681,-1.0
246,2471,2480,2025-11-14 00:00:00+00:00,2025-11-28 00:00:00+00:00,10,-0.02079758662544684,-0.005116197130811158,0.9335913126047538,0.013847639409222266,2.155216890148574,-1.0
247,2481,2506,2025-12-01 00:00:00+00:00,2026-01-07 00:00:00+00:00,26,-0.01750980980854777,-0.0056354961085050455,0.6347860771740979,0.012923710691514972,1.0745235833763906,-1.0
248,2507,2515,2026-01-08 00:00:00+00:00,2026-01-21 00:00:00+00:00,9,-0.08491702709546534,-0.015180610694460216,1.1487529806085108,0.00986780901546314,0.9579079799343447,-1.0
249,2516,2549,2026-01-22 00:00:00+00:00,2026-03-11 00:00:00+00:00,34,-0.09020165372943101,-0.02199381537455285,0.699397361649122,0.02445806072006836,1.0718277299844368,-1.0
