ticker,feature,coef_std,odds_ratio_1sd,abs_coef_std
SPY,causal_theta_so_far,0.6363203555428781,1.8895153271863385,0.6363203555428781
SPY,d_sigma_local,0.6008263128661558,1.8236250628352495,0.6008263128661558
SPY,d_causal_theta_so_far,-0.5435002684715409,0.5807120427584679,0.5435002684715409
SPY,viscosity,-0.5168278328447653,0.5964094609154248,0.5168278328447653
SPY,d_amp_z,0.3841062232902645,1.468301401204512,0.3841062232902645
SPY,d_viscosity,0.3750163075048265,1.4550151420911852,0.3750163075048265
SPY,causal_current_sign,0.3067432005370905,1.3589919348591577,0.3067432005370905
SPY,d_theta,-0.24074115368970483,0.7860450649223335,0.24074115368970483
SPY,amp_z,-0.2326356044180348,0.7924422833858485,0.2326356044180348
SPY,sigma_local,0.21677160623567052,1.2420603908918573,0.21677160623567052
SPY,theta,0.1874082494419791,1.206119582199462,0.1874082494419791
SPY,causal_run_length,-0.044391153990505895,0.9565797143119753,0.044391153990505895
QQQ,d_viscosity,1.0252059539066274,2.787669532878286,1.0252059539066274
QQQ,d_sigma_local,0.983155664518279,2.672877652537386,0.983155664518279
QQQ,causal_run_length,0.5164583842498459,1.6760810905120165,0.5164583842498459
QQQ,theta,-0.43999734804120194,0.6440381290434593,0.43999734804120194
QQQ,causal_theta_so_far,0.43302832279662634,1.541919891565692,0.43302832279662634
QQQ,d_causal_theta_so_far,0.4060471923883274,1.5008733805861394,0.4060471923883274
QQQ,amp_z,-0.336856569584481,0.7140112434879888,0.336856569584481
QQQ,viscosity,-0.28493471765215495,0.752063349178014,0.28493471765215495
QQQ,causal_current_sign,0.1033075833452102,1.1088324150129325,0.1033075833452102
QQQ,d_theta,0.10040666177990266,1.1056204402438365,0.10040666177990266
QQQ,sigma_local,-0.034879861888601274,0.9657214292372827,0.034879861888601274
QQQ,d_amp_z,0.030072439728426385,1.0305291825038398,0.030072439728426385
DIA,causal_theta_so_far,1.0133158737323507,2.7547201919663213,1.0133158737323507
DIA,d_causal_theta_so_far,-0.9754915073818774,0.3770070062905006,0.9754915073818774
DIA,theta,0.6625436308057145,1.9397199962058047,0.6625436308057145
DIA,d_amp_z,0.5190424872555802,1.6804178576090463,0.5190424872555802
DIA,viscosity,0.4043754376261244,1.498366384489884,0.4043754376261244
DIA,d_theta,0.3545042571350212,1.4254738106187768,0.3545042571350212
DIA,causal_current_sign,-0.34314933221895777,0.709532247623531,0.34314933221895777
DIA,d_sigma_local,0.22784660212782595,1.2558926593938118,0.22784660212782595
DIA,causal_run_length,0.20201468162865782,1.2238659763252477,0.20201468162865782
DIA,sigma_local,0.1184727616126618,1.1257762093559116,0.1184727616126618
DIA,d_viscosity,0.08440899433573826,1.088073818845487,0.08440899433573826
DIA,amp_z,-0.032630396744847155,0.9678962310843447,0.032630396744847155
IWM,causal_theta_so_far,0.7423421135507272,2.1008501865777367,0.7423421135507272
IWM,d_sigma_local,0.40219382258906855,1.4951010889584604,0.40219382258906855
IWM,causal_run_length,0.363524129851897,1.4383895646136837,0.363524129851897
IWM,causal_current_sign,-0.3217455422991425,0.7248826188288606,0.3217455422991425
IWM,amp_z,0.3200541427997775,1.3772023279072916,0.3200541427997775
IWM,theta,-0.294352992765527,0.7450134606602048,0.294352992765527
IWM,sigma_local,-0.24977694074879095,0.7789745211671422,0.24977694074879095
IWM,viscosity,-0.20008206404965387,0.8186635674736072,0.20008206404965387
IWM,d_viscosity,0.15484375892747432,1.167475539224205,0.15484375892747432
IWM,d_theta,-0.13047401508299955,0.8776792990761692,0.13047401508299955
IWM,d_amp_z,-0.10435854735205834,0.900902223399335,0.10435854735205834
IWM,d_causal_theta_so_far,0.08756450228896853,1.0915126672378315,0.08756450228896853
MDY,d_sigma_local,0.9106547796906211,2.4859497500006884,0.9106547796906211
MDY,causal_theta_so_far,0.6283366070498055,1.8744899711818546,0.6283366070498055
MDY,sigma_local,-0.6076278994846357,0.5446412818403675,0.6076278994846357
MDY,d_amp_z,-0.49474319135237016,0.6097274704791757,0.49474319135237016
MDY,d_viscosity,-0.2614186022261664,0.7699585457852636,0.2614186022261664
MDY,d_causal_theta_so_far,-0.2371767600494772,0.7888518382034437,0.2371767600494772
MDY,d_theta,-0.1807418111707416,0.8346508283988813,0.1807418111707416
MDY,viscosity,-0.13153887234242684,0.8767451933360049,0.13153887234242684
MDY,theta,-0.07014679570673735,0.9322569585417737,0.07014679570673735
MDY,causal_current_sign,-0.05623669647548143,0.9453153565944313,0.05623669647548143
MDY,causal_run_length,-0.051125741110759446,0.9501591889488941,0.051125741110759446
MDY,amp_z,0.02699676014239578,1.0273644742434933,0.02699676014239578
VTI,causal_theta_so_far,0.8638012151686755,2.3721606705681135,0.8638012151686755
VTI,d_theta,-0.6115897930839642,0.542487739900867,0.6115897930839642
VTI,d_sigma_local,0.537426854998762,1.7115970037411095,0.537426854998762
VTI,d_amp_z,0.5363572637172193,1.7097672732147409,0.5363572637172193
VTI,viscosity,-0.4590533489809126,0.6318815337643927,0.4590533489809126
VTI,d_causal_theta_so_far,-0.38995152583955955,0.6770896950571945,0.38995152583955955
VTI,amp_z,-0.2905768512163113,0.747832055300643,0.2905768512163113
VTI,causal_current_sign,0.21225122837172014,1.2364584795123104,0.21225122837172014
VTI,d_viscosity,0.21189936348243787,1.2360234897196203,0.21189936348243787
VTI,theta,0.1993163334939062,1.2205680113806856,0.1993163334939062
VTI,sigma_local,0.15176331017791567,1.163884724159635,0.15176331017791567
VTI,causal_run_length,-0.1386236258358768,0.8705556214499612,0.1386236258358768
RSP,causal_theta_so_far,1.78016830162335,5.930854507040225,1.78016830162335
RSP,d_viscosity,0.795678177000589,2.2159432891097346,0.795678177000589
RSP,d_amp_z,0.5799950733339689,1.7860296315568818,0.5799950733339689
RSP,d_sigma_local,0.47695810242998354,1.6111659387023707,0.47695810242998354
RSP,theta,-0.4122342277251621,0.6621691595106294,0.4122342277251621
RSP,d_causal_theta_so_far,-0.28510772730404527,0.7519332462146319,0.28510772730404527
RSP,causal_run_length,-0.2820860238853237,0.7542088017709216,0.2820860238853237
RSP,sigma_local,-0.2415514963735193,0.7854083570654435,0.2415514963735193
RSP,d_theta,-0.19868190017201645,0.8198106334815183,0.19868190017201645
RSP,amp_z,-0.05549706070170581,0.9460148042860487,0.05549706070170581
RSP,causal_current_sign,0.00594671155831466,1.0059644283489644,0.00594671155831466
RSP,viscosity,-0.0033220508183116936,0.9966834610872086,0.0033220508183116936
MTUM,d_sigma_local,1.518062864622742,4.563376749049817,1.518062864622742
MTUM,amp_z,-0.6542548342588507,0.5198292772682399,0.6542548342588507
MTUM,causal_run_length,0.58484058562783,1.7947048610856626,0.58484058562783
MTUM,causal_current_sign,0.5216316281057216,1.6847743334605934,0.5216316281057216
MTUM,d_theta,0.36676285400130215,1.443055663657991,0.36676285400130215
MTUM,d_causal_theta_so_far,-0.3621090940769069,0.6962064117028425,0.3621090940769069
MTUM,viscosity,-0.28011702014598777,0.7556953047065067,0.28011702014598777
MTUM,causal_theta_so_far,-0.26194521153324823,0.7695531851916844,0.26194521153324823
MTUM,sigma_local,-0.18460105242125718,0.8314359170415817,0.18460105242125718
MTUM,theta,-0.13877276732282942,0.8704257951715859,0.13877276732282942
MTUM,d_viscosity,0.13563303488789427,1.145261545441612,0.13563303488789427
MTUM,d_amp_z,0.06153427651473384,1.0634669478445908,0.06153427651473384
QUAL,d_causal_theta_so_far,-1.0487796541435463,0.3503650548706762,1.0487796541435463
QUAL,amp_z,-0.5635781761864097,0.569168829514862,0.5635781761864097
QUAL,causal_theta_so_far,0.5230629965650277,1.6871875930223408,0.5230629965650277
QUAL,d_sigma_local,0.4563568884469947,1.5783135261272498,0.4563568884469947
QUAL,d_amp_z,0.4555881956675898,1.5771007541003466,0.4555881956675898
QUAL,d_viscosity,0.3777648802057719,1.4590198580955556,0.3777648802057719
QUAL,causal_current_sign,0.26679075983027745,1.305767198794177,0.26679075983027745
QUAL,d_theta,0.19046160749028385,1.2098079251833227,0.19046160749028385
QUAL,sigma_local,0.18577121035986224,1.2041467325622608,0.18577121035986224
QUAL,viscosity,0.13347271881363174,1.1427900890404383,0.13347271881363174
QUAL,causal_run_length,0.06878674821320846,1.0712077478230708,0.06878674821320846
QUAL,theta,-0.04545017151570569,0.955567215851703,0.04545017151570569
USMV,theta,-0.974785983099619,0.377273087740445,0.974785983099619
USMV,d_theta,0.5797424031057962,1.7855784120496214,0.5797424031057962
USMV,d_viscosity,-0.5676967243781756,0.5668295008868253,0.5676967243781756
USMV,causal_current_sign,0.5043270487060051,1.6558708250206624,0.5043270487060051
USMV,causal_run_length,0.48094576808605766,1.6176035567860056,0.48094576808605766
USMV,d_sigma_local,-0.35611217491675395,0.700394049184322,0.35611217491675395
USMV,viscosity,0.30921333836602305,1.3623529816621194,0.30921333836602305
USMV,amp_z,-0.30474668999830434,0.7373101187659551,0.30474668999830434
USMV,d_causal_theta_so_far,-0.18669234895160886,0.8296989548775897,0.18669234895160886
USMV,causal_theta_so_far,-0.1664437990426386,0.8466703992853497,0.1664437990426386
USMV,sigma_local,-0.043213836669300676,0.9577065753851187,0.043213836669300676
USMV,d_amp_z,-0.01982700120846443,0.9803682611615262,0.01982700120846443
XLB,theta,-0.7173396677794742,0.4880489026606768,0.7173396677794742
XLB,d_theta,0.5061759540643764,1.6589352054635715,0.5061759540643764
XLB,causal_run_length,0.3148831061174068,1.3700991453873494,0.3148831061174068
XLB,viscosity,-0.2461186020144306,0.7818294928736859,0.2461186020144306
XLB,causal_theta_so_far,0.13135002542274526,1.140366868857879,0.13135002542274526
XLB,d_amp_z,-0.10861450717708825,0.8970761672760149,0.10861450717708825
XLB,d_sigma_local,0.10224326437031969,1.1076528914396653,0.10224326437031969
XLB,causal_current_sign,0.08301702681643719,1.0865603090536655,0.08301702681643719
XLB,d_viscosity,-0.06949751833286122,0.9328624484357667,0.06949751833286122
XLB,d_causal_theta_so_far,-0.03754819011350333,0.963148002390895,0.03754819011350333
XLB,sigma_local,-0.02094720926298646,0.9792706596247949,0.02094720926298646
XLB,amp_z,-0.015283486724983551,0.9848327130259463,0.015283486724983551
XLE,theta,-0.3111800271119095,0.732581979379232,0.3111800271119095
XLE,sigma_local,0.30973345954675263,1.363061754611445,0.30973345954675263
XLE,causal_theta_so_far,0.26782628151503063,1.3071200493759356,0.26782628151503063
XLE,d_viscosity,-0.20589495777443587,0.8139185676105123,0.20589495777443587
XLE,d_amp_z,-0.1958462789341134,0.8221386049877136,0.1958462789341134
XLE,d_sigma_local,0.1756335475486906,1.192001166855966,0.1756335475486906
XLE,amp_z,0.168837301784211,1.1839275003614869,0.168837301784211
XLE,d_theta,0.15792699048511433,1.1710806915532532,0.15792699048511433
XLE,causal_current_sign,0.09848428410912133,1.1034970618187063,0.09848428410912133
XLE,d_causal_theta_so_far,-0.09464516804816094,0.9096956662959145,0.09464516804816094
XLE,viscosity,-0.08711935670548636,0.9165676906042645,0.08711935670548636
XLE,causal_run_length,-0.07270601139126044,0.9298741622568076,0.07270601139126044
XLF,d_amp_z,-0.39505155012402304,0.6736453118544009,0.39505155012402304
XLF,amp_z,0.3810421557624945,1.4638093121067715,0.3810421557624945
XLF,viscosity,0.2895169845316896,1.3357821287482845,0.2895169845316896
XLF,causal_run_length,0.24287226782166343,1.2749057672268265,0.24287226782166343
XLF,d_sigma_local,-0.2106964573926426,0.8100199051222106,0.2106964573926426
XLF,d_theta,0.20150235659931137,1.2232391197438803,0.20150235659931137
XLF,d_viscosity,0.10547753647029837,1.1112411418440826,0.10547753647029837
XLF,sigma_local,-0.09823313492087853,0.9064375568706063,0.09823313492087853
XLF,causal_current_sign,-0.08324161619448717,0.920128802340485,0.08324161619448717
XLF,d_causal_theta_so_far,-0.06848670564946155,0.9338058743636315,0.06848670564946155
XLF,theta,0.03679530436846058,1.0374806313482545,0.03679530436846058
XLF,causal_theta_so_far,-0.021817306052603073,0.9784189699476488,0.021817306052603073
XLI,viscosity,-0.5629523821104366,0.5695251234682961,0.5629523821104366
XLI,causal_theta_so_far,0.4461887111063545,1.562346270809722,0.4461887111063545
XLI,d_causal_theta_so_far,-0.43436706197526953,0.6476744751757756,0.43436706197526953
XLI,d_sigma_local,0.39162486470122015,1.4793826386469473,0.39162486470122015
XLI,sigma_local,-0.3678926181088035,0.6921915065311294,0.3678926181088035
XLI,d_viscosity,-0.3637705544144144,0.6950506527527753,0.3637705544144144
XLI,theta,-0.26839889767123176,0.7646027220179994,0.26839889767123176
XLI,d_amp_z,0.19023668305442692,1.2095358404186587,0.19023668305442692
XLI,amp_z,-0.14156674364293992,0.867997240353626,0.14156674364293992
XLI,causal_run_length,-0.11583344262699745,0.8906235508635708,0.11583344262699745
XLI,d_theta,-0.06595183522563554,0.93617595390933,0.06595183522563554
XLI,causal_current_sign,0.020380802682437343,1.020589909413101,0.020380802682437343
XLK,d_theta,-0.9523540219655677,0.3858316972970905,0.9523540219655677
XLK,d_causal_theta_so_far,0.830082519380724,2.2935079913147645,0.830082519380724
XLK,viscosity,0.6073997446590538,1.835652023698014,0.6073997446590538
XLK,d_viscosity,0.5478982457744946,1.7296139715433014,0.5478982457744946
XLK,d_sigma_local,0.5162535252523661,1.6757377653879404,0.5162535252523661
XLK,amp_z,-0.3974112494669683,0.6720575854698221,0.3974112494669683
XLK,theta,0.28415729281764057,1.3286419001457808,0.28415729281764057
XLK,sigma_local,-0.19958300741253054,0.819072228924649,0.19958300741253054
XLK,causal_run_length,0.15792842841534233,1.1710823754867898,0.15792842841534233
XLK,causal_current_sign,0.14411892585782815,1.1550214622755064,0.14411892585782815
XLK,d_amp_z,-0.1313092494976528,0.8769465371771288,0.1313092494976528
XLK,causal_theta_so_far,-0.12980839033039,0.87826369861631,0.12980839033039
XLP,viscosity,-0.8996689738334787,0.4067042672145558,0.8996689738334787
XLP,d_viscosity,0.8064967337054499,2.2400467444459693,0.8064967337054499
XLP,amp_z,-0.6755915907552159,0.5088552974557775,0.6755915907552159
XLP,d_sigma_local,0.6595644180057856,1.933949757217669,0.6595644180057856
XLP,d_causal_theta_so_far,0.5587336482117176,1.7484569361825246,0.5587336482117176
XLP,causal_current_sign,0.45901363537158163,1.582512280778402,0.45901363537158163
XLP,causal_theta_so_far,-0.3752053763784083,0.6871481403017272,0.3752053763784083
XLP,d_amp_z,0.2766445497048689,1.3186975562841543,0.2766445497048689
XLP,sigma_local,0.25386559165014105,1.2889985404572202,0.25386559165014105
XLP,d_theta,-0.23913106732924264,0.7873116847701143,0.23913106732924264
XLP,theta,-0.19138897188236226,0.8258113082917665,0.19138897188236226
XLP,causal_run_length,0.17029175773486305,1.1856507236319165,0.17029175773486305
XLU,causal_run_length,0.6119118134441599,1.843953325833897,0.6119118134441599
XLU,d_viscosity,0.6111296262957698,1.8425115731739068,0.6111296262957698
XLU,viscosity,-0.42515997266363803,0.6536652082008619,0.42515997266363803
XLU,d_amp_z,-0.358996884086998,0.6983765274286855,0.358996884086998
XLU,theta,-0.3153028817281781,0.7295678680246792,0.3153028817281781
XLU,d_causal_theta_so_far,0.27617306309716266,1.318075954596702,0.27617306309716266
XLU,d_sigma_local,0.23388415159449846,1.2634981094875009,0.23388415159449846
XLU,d_theta,0.22407030090128324,1.251158973940202,0.22407030090128324
XLU,causal_theta_so_far,-0.1464229188788506,0.8637923118485551,0.1464229188788506
XLU,causal_current_sign,0.07396757391543313,1.0767718894337814,0.07396757391543313
XLU,amp_z,0.040632314638310366,1.0414691021939029,0.040632314638310366
XLU,sigma_local,-0.00814050788837993,0.9918925363196213,0.00814050788837993
XLV,theta,0.9293027740187935,2.5327426678694214,0.9293027740187935
XLV,d_causal_theta_so_far,-0.7208854308315888,0.486321461252802,0.7208854308315888
XLV,viscosity,-0.522132824693813,0.5932538911231675,0.522132824693813
XLV,causal_current_sign,-0.5205269118558739,0.594207370560599,0.5205269118558739
XLV,d_amp_z,0.45371075594164695,1.5741426202207118,0.45371075594164695
XLV,causal_theta_so_far,0.37640426792533227,1.4570360476636899,0.37640426792533227
XLV,d_viscosity,0.2833617031853412,1.3275852668039865,0.2833617031853412
XLV,sigma_local,0.2563715240762783,1.2922327343401776,0.2563715240762783
XLV,d_sigma_local,-0.22400436901137769,0.7993116421600774,0.22400436901137769
XLV,d_theta,-0.14471217595053412,0.8652713031638446,0.14471217595053412
XLV,causal_run_length,0.1391975218247767,1.149351099510673,0.1391975218247767
XLV,amp_z,-0.0672096165751038,0.934999189466005,0.0672096165751038
XLY,d_causal_theta_so_far,-0.9626944643273474,0.3818625834327252,0.9626944643273474
XLY,causal_theta_so_far,0.8138493979574464,2.2565777550776804,0.8138493979574464
XLY,amp_z,-0.28862201522197517,0.7492953741282289,0.28862201522197517
XLY,d_sigma_local,0.28367549046308455,1.3280019115363184,0.28367549046308455
XLY,causal_run_length,0.21869835919658337,1.2444558414072595,0.21869835919658337
XLY,d_theta,-0.217427702911551,0.8045857720258712,0.217427702911551
XLY,causal_current_sign,0.18811368661591635,1.2069707239671839,0.18811368661591635
XLY,d_viscosity,-0.12605457137583997,0.8815667371609822,0.12605457137583997
XLY,d_amp_z,0.0844925096354414,1.0881646934512241,0.0844925096354414
XLY,theta,-0.06356796332669053,0.9384103396448668,0.06356796332669053
XLY,sigma_local,0.04641473056231527,1.0475087547777822,0.04641473056231527
XLY,viscosity,0.031164492256849297,1.0316551892205434,0.031164492256849297
XLRE,causal_run_length,0.6982140253554141,2.0101594059223267,0.6982140253554141
XLRE,sigma_local,0.530357504630918,1.6995397933693337,0.530357504630918
XLRE,causal_theta_so_far,0.4870838968082535,1.6275631510044022,0.4870838968082535
XLRE,d_sigma_local,-0.457048141126061,0.633149858781897,0.457048141126061
XLRE,theta,-0.4340729592805277,0.6478649859977402,0.4340729592805277
XLRE,amp_z,0.30705845551623545,1.3594204313725209,0.30705845551623545
XLRE,d_amp_z,0.2957523317987606,1.3441372155578752,0.2957523317987606
XLRE,d_viscosity,-0.2778196311432295,0.7574334265955488,0.2778196311432295
XLRE,causal_current_sign,0.18531512638520578,1.203597665754208,0.18531512638520578
XLRE,d_theta,0.14885219930173976,1.1605014536076819,0.14885219930173976
XLRE,viscosity,-0.13665071655003813,0.8722748440968668,0.13665071655003813
XLRE,d_causal_theta_so_far,-0.024701286068785085,0.9756012942040985,0.024701286068785085
XLC,d_theta,1.005208113325907,2.73247587829968,1.005208113325907
XLC,theta,-0.8354890127876083,0.43366236313186113,0.8354890127876083
XLC,causal_current_sign,0.4775811882555254,1.6121701461826061,0.4775811882555254
XLC,amp_z,-0.40360940802547807,0.6679049486397561,0.40360940802547807
XLC,d_sigma_local,0.34887928658482287,1.417478071395081,0.34887928658482287
XLC,d_amp_z,0.3154267762958686,1.3708442299560102,0.3154267762958686
XLC,viscosity,-0.24264559411705308,0.7845495134693191,0.24264559411705308
XLC,d_viscosity,0.21622713668881868,1.2413843109028502,0.21622713668881868
XLC,sigma_local,-0.1858194205838948,0.8304235388409019,0.1858194205838948
XLC,causal_run_length,0.05669218634381742,1.0583299918281381,0.05669218634381742
XLC,causal_theta_so_far,0.050742113592034455,1.0520515485018045,0.050742113592034455
XLC,d_causal_theta_so_far,0.03977758547790094,1.0405793085030701,0.03977758547790094
EFA,d_theta,-0.9514776493333489,0.3861699778455007,0.9514776493333489
EFA,sigma_local,-0.8124029932952233,0.4437903586333497,0.8124029932952233
EFA,d_viscosity,-0.7561565828332931,0.46946732276371894,0.7561565828332931
EFA,causal_current_sign,0.7111015539501536,2.036233044249498,0.7111015539501536
EFA,amp_z,-0.6852620425872743,0.5039581537723463,0.6852620425872743
EFA,viscosity,0.6518441002900031,1.9190765375107335,0.6518441002900031
EFA,theta,-0.6095656288481162,0.5435869362840579,0.6095656288481162
EFA,d_amp_z,0.6091748290857266,1.8389133547306833,0.6091748290857266
EFA,d_sigma_local,-0.5323390192225866,0.587229820217234,0.5323390192225866
EFA,causal_theta_so_far,0.48766077742295305,1.628502331506883,0.48766077742295305
EFA,d_causal_theta_so_far,-0.3433753120084844,0.7093719257909799,0.3433753120084844
EFA,causal_run_length,-0.12331561631515989,0.8839846185597497,0.12331561631515989
EEM,amp_z,0.8659424852221076,2.3772455492803233,0.8659424852221076
EEM,viscosity,-0.685552766596872,0.5038116623325333,0.685552766596872
EEM,causal_current_sign,0.5471391031761377,1.7283014461587887,0.5471391031761377
EEM,d_sigma_local,-0.4956871761682754,0.6091521685860503,0.4956871761682754
EEM,sigma_local,0.4797777632082227,1.6157152909078245,0.4797777632082227
EEM,causal_run_length,0.43258372460366756,1.5412345091393986,0.43258372460366756
EEM,d_viscosity,0.3682909507852392,1.4452624780602403,0.3682909507852392
EEM,d_theta,-0.19065693431170044,0.8264160545171865,0.19065693431170044
EEM,d_causal_theta_so_far,-0.1684985348589065,0.8449325013633585,0.1684985348589065
EEM,causal_theta_so_far,-0.15336427178622716,0.8578171862922068,0.15336427178622716
EEM,d_amp_z,0.06378588215203278,1.0658641537878815,0.06378588215203278
EEM,theta,-0.01672524080640858,0.983413849514327,0.01672524080640858
VWO,sigma_local,0.6087588580967571,1.838148579197132,0.6087588580967571
VWO,d_viscosity,-0.418474064644604,0.6580501961365699,0.418474064644604
VWO,d_amp_z,0.4129681733301428,1.5112969256202535,0.4129681733301428
VWO,d_causal_theta_so_far,-0.4099952467977342,0.663653404607689,0.4099952467977342
VWO,d_sigma_local,-0.40421670722746145,0.6674994536383045,0.40421670722746145
VWO,causal_run_length,0.2936294922009451,1.3412868543520264,0.2936294922009451
VWO,causal_current_sign,0.2784469758609556,1.3210765545918939,0.2784469758609556
VWO,viscosity,0.20640796377474194,1.2292545930579735,0.20640796377474194
VWO,theta,-0.1876810235675913,0.8288790579544187,0.1876810235675913
VWO,d_theta,-0.12820854938892215,0.8796699053924165,0.12820854938892215
VWO,causal_theta_so_far,0.07398707351104775,1.0767928862549085,0.07398707351104775
VWO,amp_z,-0.054565885428389964,0.9468961201460775,0.054565885428389964
VGK,amp_z,-1.0861146715110126,0.33752534624271074,1.0861146715110126
VGK,d_amp_z,0.9132076779966786,2.4923042346317663,0.9132076779966786
VGK,causal_theta_so_far,0.5148355538368335,1.6733633009958593,0.5148355538368335
VGK,d_viscosity,-0.3898712584365778,0.6771440454698565,0.3898712584365778
VGK,causal_run_length,0.3878313252535179,1.473781173655727,0.3878313252535179
VGK,d_causal_theta_so_far,-0.37835521939648004,0.6849871367273287,0.37835521939648004
VGK,d_theta,-0.31866646717861374,0.7271180265939141,0.31866646717861374
VGK,viscosity,-0.24723671022543148,0.7809558114243228,0.24723671022543148
VGK,d_sigma_local,0.12661080385163156,1.1349752038330942,0.12661080385163156
VGK,theta,-0.05127619220073698,0.950016247216404,0.05127619220073698
VGK,sigma_local,-0.04976348149920866,0.9514544344665665,0.04976348149920866
VGK,causal_current_sign,-0.01662055940421286,0.9835168000434417,0.01662055940421286
EWJ,amp_z,-0.6452392244921001,0.5245370449880242,0.6452392244921001
EWJ,theta,0.4358874480386247,1.5463347419464202,0.4358874480386247
EWJ,d_amp_z,0.42799275221540894,1.5341749615576379,0.42799275221540894
EWJ,causal_run_length,0.3924996120911621,1.4806772909131207,0.3924996120911621
EWJ,d_viscosity,-0.31206400870928946,0.7319346765349413,0.31206400870928946
EWJ,d_theta,-0.2839375162615577,0.7528136818498451,0.2839375162615577
EWJ,causal_current_sign,0.19458470408755177,1.2148063775929467,0.19458470408755177
EWJ,sigma_local,0.15011467113741636,1.16196747922143,0.15011467113741636
EWJ,viscosity,0.1345623073095475,1.1440359385831116,0.1345623073095475
EWJ,causal_theta_so_far,0.13008166075229727,1.1389213847043713,0.13008166075229727
EWJ,d_sigma_local,0.06508562140097147,1.0672503999467158,0.06508562140097147
EWJ,d_causal_theta_so_far,-0.05488020088789863,0.9465985428259928,0.05488020088789863
EWU,amp_z,-0.6406173828021507,0.5269669832398546,0.6406173828021507
EWU,d_amp_z,0.529521344932807,1.6981193006509265,0.529521344932807
EWU,d_sigma_local,-0.44510448110274975,0.6407573255028836,0.44510448110274975
EWU,d_viscosity,-0.3536808185124982,0.7020990286077144,0.3536808185124982
EWU,viscosity,-0.2801318346020623,0.7556841095745345,0.2801318346020623
EWU,causal_theta_so_far,0.20145962109509996,1.223186845120326,0.20145962109509996
EWU,d_theta,-0.1510399919996355,0.859813312317948,0.1510399919996355
EWU,causal_run_length,0.14860697328274272,1.160216903347163,0.14860697328274272
EWU,theta,-0.07214078018978842,0.9303999047157814,0.07214078018978842
EWU,sigma_local,0.05759684104780987,1.059287848232947,0.05759684104780987
EWU,d_causal_theta_so_far,0.05744620777692873,1.059128296256783,0.05744620777692873
EWU,causal_current_sign,-0.025325181580374053,0.9749928107703232,0.025325181580374053
EWC,viscosity,-0.6295547690093857,0.5328289801778932,0.6295547690093857
EWC,causal_theta_so_far,0.46408688252030683,1.5905611563989501,0.46408688252030683
EWC,theta,-0.3620635281704737,0.6962381357018173,0.3620635281704737
EWC,amp_z,0.2844076260951631,1.328974545061607,0.2844076260951631
EWC,d_amp_z,-0.25947841843234637,0.7714538569979319,0.25947841843234637
EWC,causal_run_length,0.2228914072047263,1.2496848595952137,0.2228914072047263
EWC,d_causal_theta_so_far,-0.20495118059833592,0.8146870879767731,0.20495118059833592
EWC,d_viscosity,0.16546086969442642,1.1799367905289289,0.16546086969442642
EWC,d_theta,0.13783729930314736,1.1477887890456824,0.13783729930314736
EWC,d_sigma_local,0.08000151465132198,1.0832887084783902,0.08000151465132198
EWC,causal_current_sign,0.04453096948906148,1.0455373559667773,0.04453096948906148
EWC,sigma_local,0.021474941731659435,1.0217071878037283,0.021474941731659435
EWA,amp_z,-0.45128184895826307,0.63681133227122,0.45128184895826307
EWA,d_theta,-0.42925093645558143,0.6509965499161513,0.42925093645558143
EWA,d_causal_theta_so_far,0.36760406440081717,1.4442700878108385,0.36760406440081717
EWA,causal_run_length,0.3454760469869206,1.412662253232966,0.3454760469869206
EWA,d_sigma_local,0.24468977172098227,1.2772250204174478,0.24468977172098227
EWA,d_amp_z,0.20917518632220944,1.2326609249499982,0.20917518632220944
EWA,causal_current_sign,0.20423427662640722,1.2265854801062166,0.20423427662640722
EWA,viscosity,-0.18995704551864026,0.8269946563069834,0.18995704551864026
EWA,d_viscosity,0.15669947662391379,1.169644055697393,0.15669947662391379
EWA,sigma_local,0.11269957941365831,1.11929562298655,0.11269957941365831
EWA,theta,-0.0917719120111767,0.9123132135017882,0.0917719120111767
EWA,causal_theta_so_far,0.081706869460668,1.08513767621221,0.081706869460668
SHY,causal_current_sign,0.9477992566878393,2.5800254331314845,0.9477992566878393
SHY,d_sigma_local,-0.8328100042059904,0.4348257059311031,0.8328100042059904
SHY,causal_theta_so_far,-0.7216327400300556,0.4859581645158002,0.7216327400300556
SHY,theta,-0.6880309146815016,0.5025646881580026,0.6880309146815016
SHY,d_theta,0.6444428516825894,1.9049254075733908,0.6444428516825894
SHY,d_amp_z,0.534716978434947,1.7069650659583229,0.534716978434947
SHY,causal_run_length,0.3765284666913135,1.4572170209808988,0.3765284666913135
SHY,sigma_local,0.313797105003496,1.3686120238432762,0.313797105003496
SHY,d_causal_theta_so_far,0.24544778498074582,1.2781935409479535,0.24544778498074582
SHY,d_viscosity,0.18868850560733946,1.20766471310137,0.18868850560733946
SHY,amp_z,-0.17199550049745468,0.8419829616644559,0.17199550049745468
SHY,viscosity,-0.16706949183705044,0.8461408094148355,0.16706949183705044
IEF,viscosity,-0.7326313406228655,0.4806425902833899,0.7326313406228655
IEF,d_theta,-0.6488928160557688,0.5226240975578719,0.6488928160557688
IEF,causal_theta_so_far,-0.6370889834861242,0.528829617309054,0.6370889834861242
IEF,theta,0.49509144886176176,1.6406482676135938,0.49509144886176176
IEF,sigma_local,-0.4865362743289527,0.6147520431599888,0.4865362743289527
IEF,causal_current_sign,0.33154242735928285,1.3931152512257774,0.33154242735928285
IEF,d_amp_z,0.248477426352514,1.2820718810039617,0.248477426352514
IEF,causal_run_length,-0.24384648153383207,0.7836079233157953,0.24384648153383207
IEF,d_viscosity,0.22035782855900424,1.24652269221244,0.22035782855900424
IEF,d_causal_theta_so_far,0.1915869902140432,1.2111701885114246,0.1915869902140432
IEF,d_sigma_local,0.14204806615572246,1.1526320497971279,0.14204806615572246
IEF,amp_z,-0.03863702104682156,0.9620998677767748,0.03863702104682156
TLT,amp_z,-0.47317363370901877,0.6230218841849244,0.47317363370901877
TLT,causal_run_length,0.33529306153431804,1.398350127813609,0.33529306153431804
TLT,causal_current_sign,-0.21735844402080728,0.8046414986737106,0.21735844402080728
TLT,sigma_local,-0.21187588916661462,0.8090651050799954,0.21187588916661462
TLT,theta,-0.19433409549248554,0.8233827698385563,0.19433409549248554
TLT,d_causal_theta_so_far,-0.15736504803175969,0.854392107725307,0.15736504803175969
TLT,d_amp_z,-0.09469166383251705,0.9096533702656858,0.09469166383251705
TLT,viscosity,-0.07837548763586029,0.9246171790354144,0.07837548763586029
TLT,d_sigma_local,0.07695237218202387,1.0799906375701485,0.07695237218202387
TLT,causal_theta_so_far,-0.0686995975802325,0.9336070957880012,0.0686995975802325
TLT,d_theta,-0.05137175411093738,0.9499254661867719,0.05137175411093738
TLT,d_viscosity,-0.006266282759593177,0.9937533094454254,0.006266282759593177
TIP,d_sigma_local,1.0077329939672603,2.739383770880058,1.0077329939672603
TIP,causal_theta_so_far,-0.6739744779417131,0.5096788395783043,0.6739744779417131
TIP,d_theta,0.5715066676307827,1.7709332501960298,0.5715066676307827
TIP,theta,-0.49331386867514543,0.6105995909019314,0.49331386867514543
TIP,d_viscosity,-0.40273058117902016,0.6684921794388035,0.40273058117902016
TIP,causal_run_length,0.3766280861575468,1.4573621953936935,0.3766280861575468
TIP,causal_current_sign,0.3268136810590138,1.3865431138674527,0.3268136810590138
TIP,d_amp_z,-0.24882105533176876,0.7797194875466829,0.24882105533176876
TIP,d_causal_theta_so_far,0.22832834408732652,1.2564978213387175,0.22832834408732652
TIP,viscosity,-0.11220735373539453,0.8938588933026,0.11220735373539453
TIP,amp_z,-0.05079519182993451,0.9504733152997299,0.05079519182993451
TIP,sigma_local,-0.00410744788549658,0.9959009761408729,0.00410744788549658
LQD,d_sigma_local,0.7756051534685526,2.171906066065258,0.7756051534685526
LQD,amp_z,-0.5696288642744306,0.5657353643466009,0.5696288642744306
LQD,causal_run_length,0.5498222129590297,1.7329448953330042,0.5498222129590297
LQD,d_theta,-0.5151538516676725,0.5974086752264773,0.5151538516676725
LQD,d_amp_z,-0.4451953546586203,0.6406991002518729,0.4451953546586203
LQD,causal_theta_so_far,-0.40066964189578547,0.6698713219082347,0.40066964189578547
LQD,theta,0.37320889846518346,1.4523877097083306,0.37320889846518346
LQD,sigma_local,-0.24347806502158897,0.7838966706002372,0.24347806502158897
LQD,d_causal_theta_so_far,-0.11882939039166966,0.8879592822248398,0.11882939039166966
LQD,viscosity,-0.10355101062171017,0.9016300288604524,0.10355101062171017
LQD,d_viscosity,0.08863492628191265,1.0926816741403422,0.08863492628191265
LQD,causal_current_sign,-0.04066889905602133,0.9601469828965847,0.04066889905602133
HYG,d_viscosity,1.4038563269209412,4.070868335405004,1.4038563269209412
HYG,d_sigma_local,0.4958368729318199,1.641871702254936,0.4958368729318199
HYG,amp_z,-0.4795612255830663,0.6190549577018157,0.4795612255830663
HYG,d_amp_z,0.38812801445587286,1.4742184934874127,0.38812801445587286
HYG,d_theta,-0.36186764575165237,0.6963745298700879,0.36186764575165237
HYG,causal_run_length,0.3277101229476239,1.3877866264802101,0.3277101229476239
HYG,causal_current_sign,0.2557809282879868,1.2914697724529995,0.2557809282879868
HYG,d_causal_theta_so_far,0.24567605557670955,1.2784853482535492,0.24567605557670955
HYG,viscosity,0.13507800148962054,1.1446260634073238,0.13507800148962054
HYG,causal_theta_so_far,-0.1197064237524187,0.8871808537151242,0.1197064237524187
HYG,sigma_local,0.09755298271607643,1.1024698518630884,0.09755298271607643
HYG,theta,-0.015265075218517069,0.9848508454467327,0.015265075218517069
EMB,theta,-1.0217841341180343,0.3599521640074722,1.0217841341180343
EMB,causal_current_sign,0.7321025052476301,2.0794480652333593,0.7321025052476301
EMB,amp_z,-0.6197433854370521,0.538082499685032,0.6197433854370521
EMB,d_sigma_local,0.597171072474453,1.8169714425451995,0.597171072474453
EMB,sigma_local,-0.4361394159196513,0.6465275834143128,0.4361394159196513
EMB,d_amp_z,0.3983782096019064,1.4894072315125435,0.3983782096019064
EMB,d_viscosity,0.3079670426853885,1.3606561446255436,0.3079670426853885
EMB,causal_theta_so_far,0.26368422457037854,1.301717081123737,0.26368422457037854
EMB,d_theta,-0.17111950772954698,0.8427208557973513,0.17111950772954698
EMB,viscosity,0.12505174740332756,1.1332070920740522,0.12505174740332756
EMB,d_causal_theta_so_far,-0.07433817410400448,0.9283576942195709,0.07433817410400448
EMB,causal_run_length,-0.05988268809707265,0.941875020254367,0.05988268809707265
BND,d_causal_theta_so_far,0.9489424192801587,2.582976508151781,0.9489424192801587
BND,causal_theta_so_far,-0.826312214287588,0.4376603113813423,0.826312214287588
BND,causal_current_sign,0.5386135518219987,1.713629356122663,0.5386135518219987
BND,amp_z,-0.41639165032290615,0.6594219570810048,0.41639165032290615
BND,theta,-0.3858398238428244,0.6798794174315841,0.3858398238428244
BND,d_viscosity,0.3029404050709675,1.3538337804100673,0.3029404050709675
BND,d_theta,-0.24139685549331,0.7855298226966378,0.24139685549331
BND,sigma_local,-0.1484158262393569,0.862072568006593,0.1484158262393569
BND,d_amp_z,0.10957550484248052,1.1158043163837856,0.10957550484248052
BND,d_sigma_local,0.10579661507374838,1.1115957716901077,0.10579661507374838
BND,causal_run_length,-0.06302152986011791,0.9389232585851011,0.06302152986011791
BND,viscosity,-0.007925329981727786,0.9921059926439293,0.007925329981727786
VNQ,causal_current_sign,0.5501757325242416,1.7335576335600327,0.5501757325242416
VNQ,theta,-0.4850888365257688,0.6156425027938461,0.4850888365257688
VNQ,causal_theta_so_far,0.472342671673248,1.6037468481941801,0.472342671673248
VNQ,causal_run_length,0.4119343600895302,1.5097353341840836,0.4119343600895302
VNQ,d_causal_theta_so_far,0.3846794711875638,1.4691433431930352,0.3846794711875638
VNQ,d_theta,-0.37060374249312417,0.6903174308332163,0.37060374249312417
VNQ,amp_z,0.3271755740385005,1.3870449848924398,0.3271755740385005
VNQ,d_amp_z,0.2864421958543602,1.3316811889759872,0.2864421958543602
VNQ,viscosity,-0.22821987058059814,0.7959492347743514,0.22821987058059814
VNQ,sigma_local,0.18468464977701188,1.2028390647454974,0.18468464977701188
VNQ,d_viscosity,0.08478562538650372,1.0884836984130302,0.08478562538650372
VNQ,d_sigma_local,-0.0758058897889783,0.9269961285105949,0.0758058897889783
GLD,theta,-0.8180176574372228,0.44130560687101017,0.8180176574372228
GLD,causal_theta_so_far,0.6606313324070378,1.9360142171701373,0.6606313324070378
GLD,causal_current_sign,0.5967439238825764,1.8161954914870353,0.5967439238825764
GLD,d_theta,0.4268213334675394,1.5323788524484874,0.4268213334675394
GLD,viscosity,0.42458496104388577,1.52895571177568,0.42458496104388577
GLD,d_causal_theta_so_far,-0.40373386166304953,0.6678218306116237,0.40373386166304953
GLD,causal_run_length,0.38698200921883247,1.4725299990698524,0.38698200921883247
GLD,amp_z,0.36189698859409486,1.436051004707924,0.36189698859409486
GLD,d_viscosity,-0.32844878224200125,0.7200398061059499,0.32844878224200125
GLD,sigma_local,-0.2023279634654606,0.8168269945966343,0.2023279634654606
GLD,d_sigma_local,0.19646369653658227,1.217091135452645,0.19646369653658227
GLD,d_amp_z,-0.032031895570545144,0.9684756915018243,0.032031895570545144
SLV,d_causal_theta_so_far,0.6829155521621467,1.9796410732986423,0.6829155521621467
SLV,sigma_local,-0.588147015809739,0.5553553966727612,0.588147015809739
SLV,amp_z,-0.44294244138104155,0.6421441669555278,0.44294244138104155
SLV,d_amp_z,0.4111240449989054,1.5085124683801643,0.4111240449989054
SLV,d_viscosity,-0.34384979829993245,0.7090354183770448,0.34384979829993245
SLV,d_sigma_local,0.3300680143271553,1.3910627374424789,0.3300680143271553
SLV,causal_current_sign,0.3218004798657482,1.3796094886250914,0.3218004798657482
SLV,causal_theta_so_far,-0.30610209917393816,0.7363114388285599,0.30610209917393816
SLV,d_theta,0.16113827827915403,1.1748474134609315,0.16113827827915403
SLV,theta,0.025222765865600433,1.0255435511770972,0.025222765865600433
SLV,causal_run_length,-0.012713644065758903,0.987366832894121,0.012713644065758903
SLV,viscosity,-0.006565249493933199,0.9934562546707214,0.006565249493933199
DBC,d_amp_z,0.626004326531909,1.870123228954406,0.626004326531909
DBC,d_sigma_local,0.6040869513253554,1.8295809495701665,0.6040869513253554
DBC,causal_current_sign,0.5542766759381748,1.740681452525415,0.5542766759381748
DBC,causal_theta_so_far,-0.4974338490110073,0.6080891077161369,0.4974338490110073
DBC,theta,-0.39280809604308675,0.6751583007043056,0.39280809604308675
DBC,amp_z,-0.364065917881109,0.6948453904974279,0.364065917881109
DBC,sigma_local,-0.2728477767523467,0.7612086524632696,0.2728477767523467
DBC,causal_run_length,-0.25963935078740663,0.7713297151013967,0.25963935078740663
DBC,d_viscosity,-0.21910476309295232,0.8032375640939937,0.21910476309295232
DBC,viscosity,-0.21512818966335215,0.8064380565281302,0.21512818966335215
DBC,d_theta,0.20539617061543797,1.2280114706670915,0.20539617061543797
DBC,d_causal_theta_so_far,0.048693774264192836,1.0498987954771244,0.048693774264192836
USO,d_sigma_local,0.8044113284596099,2.235380206716503,0.8044113284596099
USO,amp_z,-0.525848199025413,0.5910538204178949,0.525848199025413
USO,causal_theta_so_far,0.3720237383282834,1.4506674173038125,0.3720237383282834
USO,d_viscosity,0.31662924162050765,1.3724936140728774,0.31662924162050765
USO,d_theta,-0.22694323819139892,0.7969660182388792,0.22694323819139892
USO,causal_run_length,0.1924223857904851,1.2121824174761566,0.1924223857904851
USO,d_amp_z,0.19176170174389415,1.211381812393997,0.19176170174389415
USO,viscosity,-0.13105683192065126,0.8771679218367171,0.13105683192065126
USO,d_causal_theta_so_far,-0.05500311847867008,0.9464821963643406,0.05500311847867008
USO,causal_current_sign,-0.05432676155129633,0.947122572691558,0.05432676155129633
USO,theta,0.04714907380427302,1.0482782682616774,0.04714907380427302
USO,sigma_local,0.0007637441337222721,1.0007640358605367,0.0007637441337222721
